disctrictname,pinyin
海淀,Haidian
朝阳,Chaoyang
东城,Dongcheng
西城,Xicheng
石景山,Shijingshan
丰台,Fengtai
通州,Tongzhou
昌平,Changping
大兴,Daxing
房山,Fangshan
延庆,Yanqing
密云,Miyun
门头沟,Mentougou
顺义,Shunyi
怀柔,Huairou
平谷,Pinggu
燕郊,Yanjiao
北京周边,Periphery of Beijing
江北,Jiangbei
渝北,Yubei
南岸,Nanan
渝中,Yuzhong
九龙坡,Jiulongpo
沙坪坝,Shapingba
大渡口,Dadukou
巴南,Banan
北碚,Beibei
江津,Jiangjin
万州,Wanzhou
武隆,Wulong
涪陵,Fuling
綦江,Qijiang
合川,Hechuan
长寿,longevity
其他区县,Others
其他省市旅游地产,Tourism real estate in other provinces and cities
浦东,Pudong
徐汇,Xuhui
闵行,Minhang
长宁,Changning
普陀,Putuo
宝山,Baoshan
虹口,Hongkou
松江,Songjiang
闸北,Zhabei
黄浦,Huangpu
静安,Jingan
杨浦,Yangpu
卢湾,Luwan
嘉定,Jiading
青浦,Qingpu
奉贤,Fengxian
金山,Jinshan
崇明,Chongming
上海周边,Perimeter of Shanghai
北辰,Beichen
东丽,toray
和平,peace
河北,Hebei
河东,Hedong
河西,Hexi
红桥,Hongqiao
津南,Jinnan
开发区,Kaifaqu
南开,Nankai
塘沽,Tanggu
西青,Xiqing
大港,Dagang
静海,Jinghai
蓟县,Jixian
武清,Wuqing
宁河,Ninghe
汉沽,Hangu
宝坻,Baodi
天津周边,Perimeter of Tianjin
中新生态城,Central and new ecological
庐阳区,luyang
包河区,Baohe
瑶海区,Yaohai
蜀山区,Shushan
高新区,Gaoxin
新站区,Xinzhan
经开区,Jingkai
政务区,Government
滨湖新区,Binhu
合肥周边,Perimeter of Hefei
巢湖市,Chaohu
镜湖区,Jinghu
弋江区,Yijiang
鸠江区,Jiujiang
三山区,sanshan
芜湖县,Wuhu
繁昌县,Fanchang
南陵县,Nanling
开发区,Kaifaqu
无为县,Wuwei
宣州区,xuanzhou
郎溪县,Langxi
广德县,Guangde
泾县,Jingxian
绩溪县,Jixi
旌德县,Jingde
宁国市,Ningguo
埇桥区,Yongqiao
砀山县,Dangshan
萧县,Xiaoxian
灵璧县,Lingbi
泗县,Sixian
铜官山区,Tongguanshan
狮子山区,Shizishan
经济开发区,economic development zone
铜陵县,Tongling
郊区,Suburb
当涂县,Dangtu
花山区,Huashan
雨山区,Yushan
金家庄,Jinjiazhuang
开发区,Kaifaqu
佳山,Jiashan
向山,Xiangshan
慈湖,Cihu
金安区,Jinan
裕安区,yu'an
霍邱县,Huoqiu
舒城县,Shucheng
金寨县,Jinzhai
霍山县,Huoshan
屯溪区,Tunxi
黄山区,huangshan
徽州区,Huizhou
歙县,Shexian
休宁县,Xiuning
黟县,Yixian
祁门县,Qimen
田家庵,Tianjiaan
大通,chase
谢家集,Xiejiaii
八公山,Bagongshan
凤台,Fengtai
潘集,Panii
毛集实验区,Mao Ji experimentation area
经济开发区,economic development zone
寿县,Shouxian
杜集区,Duji
相山区,Xiangshan
烈山区,Lieshan
濉溪县,Suixi
颍州区,Yingzhou
颍泉区,Yingquan
颍东区,Yingdong
经济开发区,economic development zone
城南新区,Chengnan
界首,Boundary
阜南,Funan
太和,Taihe
颍上,Yingshang
临泉,Linquan
琅琊区,Langya
南谯区,Nanqiao
明光市,Mingguang
全椒县,Quanjiao
来安县,Laian
凤阳县,Fengyang
定远县,Dingyuan
天长市,tianchang
滁州周边,Perimeter of Chuzhou
贵池区,Guichi
青阳县,Qingyang
东至县,Dongzhi
石台县,Shitai
居巢区,juchao
庐江县,Lujiang
含山县,Hanshan
无为县,Wuwei
和县,Harmony
谯城区,Qiaocheng
涡阳县,Guyang
蒙城县,Mengcheng
利辛县,Lixin
蚌山,bengshan
龙子湖,Longzihu
禹会,Yuhui
淮上,Huaihuai
新城区,New urban area
怀远,Huaiyuan
五河,Wuhe
固镇,Guzhen
迎江区,yingjiang
大观区,Daguan
宜秀区,Yixiu
怀宁县,Huaining
枞阳县,Zongyang
潜山县,Qianshan
太湖县,Taihu
宿松县,Susong
望江县,Wangjiang
岳西县,Yuexi
桐城市,Tongcheng
鼓楼,Gulou
仓山,Cangshan
晋安,Jinan
马尾,Ponytail
闽侯县,Minhou
台江,Taijiang
长乐市,Changle
平潭县,Pingtan
福清,Fuqing
永泰,Yongtai
罗源,Luoyuan
连江,Lianjiang
海沧,Haicang
湖里,Lake
集美,Jimei
思明,Thinking
同安,Tongan
翔安,Xiangan
漳州,Zhangzhou
泉州,Quanzhou
龙岩,Longyan
芗城区,Xiangcheng
龙文区,Longwen
龙海市,Longhai
漳浦县,Zhangpu
平和县,Pinghe
东山县,Dongshan
长泰县,Changtai
华安县,Huaan
诏安县,Zhaoan
云霄县,Yunxiao
南靖县,Nanjing
永安市,Yongan
三元区,Sanyuan
梅列区,Meilie
沙县,Shaxian
建宁县,Jianning
尤溪县,Youxi
明溪县,Mingxi
清流县,Qingliu
宁化县,Ninghua
大田县,Datian
泰宁县,Taining
将乐县,Kwanle
丰泽,Abundance
泉港,Quangang
惠安,Huian
永春,Yongchun
德化,Dehua
金门,Jinmen
洛江,Luojiang
晋江市,Jinjiang
鲤城,Licheng
安溪县,Anxi
石狮市,Shishi
其他,Other
市中心片区,Downtown area
城东片区,East part of Chengdu
城南片区,Southern section of Chengdu
城北片区,Northern part of the
仙游县,Xianyou
涵江区,Hanjiang
秀屿区,Xiuyu
黄石,Huangshi
西天尾,Xitian
城厢区,Chengxiang
荔城区,licheng
东侨区,Dongqiao
蕉城区,Jiaocheng
福安市,Fu'an
福鼎市,fuding
霞浦县,Xiapu
古田县,Gutian
柘荣县,Zherong
周宁县,Zhouning
屏南县,Pingnan
寿宁县,Shouning
延平区,yanping
建阳区,Jianyang
武夷山,Wuyishan
建瓯市,Jianou
邵武市,shaowu
政和县,Zhenghe
顺昌县,Shunchang
松溪县,Songxi
蒲城县,Pucheng
光泽县,Luster
新罗区,xinluo
永定县,Yongding
上杭县,Shanghang
武平县,Wuping
长汀县,Changting
连城县,Liancheng
漳平市,Zhangping
城关,Chengguan
七里河,Qilihe
安宁,Anning
西固,Xigu
新区,Xinqu
兰州周边,Perimeter of Lanzhou
凉州区,Liangzhou
民勤县,Minqin
古浪县,Gulang
天祝藏族自治县,Tianzhu Tibetan Autonomous
西峰区,Xifeng
庆城县,Qingcheng
环县,Ring
华池县,Huachi
合水县,Huishui
正宁县,Zhengning
宁县,Ning
镇原县,Zhenyuan
秦州区,Qinzhou
麦积区,Maiji
清水县,Qingshui
秦安县,Qinan
甘谷县,Gangu
武山县,Wushan
张家川县,Zhangjiachuan
肃州区,Suzhou
敦煌市,Dunhuang
瓜州县,Guzhou
金塔县,Jinta
玉门市,Yumen
肃北蒙古族自治县,Subei Mongolian Autonomous
阿克塞哈萨克族自治县,Akse Kazakh Autonomous
肃南裕固族自治县,Sunan Yugur Autonomous
甘州区,Ganzhou
民乐县,Minle
临泽县,Linze
高台县,Gaotai
山丹县,Shandan
白银区,baiyin
平川区,Pingchuan
靖远县,Jingyuan
会宁县,Huining
景泰县,Jingtai
白云,Baiyun
番禺,Panyu
海珠,Haizhu
花都,Huadu
黄埔,Whampoa
荔湾,Liwan
南沙,Nansha Islands
天河,Tianhe
越秀,Yuexiu
增城,Zengcheng
从化,Conghua
佛山,Foshan
清远,Qingyuan
江门,Jiangmen
肇庆,Zhaoqing
韶关,Shaoguan
中山,Zhongshan
惠州,Huizhou
东莞,Dongguan
阳江,Yangjiang
河源,Heyuan
海外,overseas
云浮,Yunfu
珠海,Zhuhai
湛江,Zhanjiang
广西,Guangxi
罗湖,Luohu
福田,Fukuda
南山,Nanshan
盐田,Yantian
宝安,Baoan
龙岗,Longgang
光明新区,Guangming
龙华新区,Longhua
坪山新区,Pingshan
大鹏新区,Dapeng
东莞,Dongguan
惠州,Huizhou
中山,Zhongshan
珠海,Zhuhai
其他,Other
广州,Guangzhou
河源,Heyuan
佛山,Foshan
清远,Qingyuan
江门,Jiangmen
肇庆,Zhaoqing
香港,Hong Kong
汕尾,Shanwei
惠阳,Huiyang
惠东,Huidong
新圩,Xinwei
博罗,Boluo
惠城区,huicheng
大亚湾,Dayawan
龙门,Longmen
仲恺,Zhongkai
深圳,Shenzhen
佛山,Foshan
珠海,Zhuhai
中山,Zhongshan
其他,Other
长安,Changan
中山,Zhongshan
常平,Changping
清溪镇,Qingxi
黄江,Huangjiang
大朗,Dalang
大岭山,Dalingshan
东城区,Dongcheng
凤岗,Fenggang
莞城,Guancheng
厚街,Thick
虎门镇,Humen
茶山,Teashan
寮步镇,Liaobu
南城区,Nancheng
石龙,Shilong
松山湖,Songshanhe
望牛墩,Wangniudun
塘厦,Tangxia
万江,Wanjiang
樟木头,Zhangmu
中堂,Zhongtang
其他,Other
广州,Guangzhou
珠海,Zhuhai
江门,Jiangmen
香洲,Xiangzhou
斗门,Doumen
金湾,Jinwan
高新区,Gaoxin
坦洲,Tanzhou
南朗,Nant
横琴,Hengqin
中山,Zhongshan
江门,Jiangmen
南海区,Nanhai
顺德区,Shunde
三水区,sanshui
高明区,Gaoming
禅城区,Chancheng
广州,Guangzhou
清远,Qingyuan
江门,Jiangmen
肇庆,Zhaoqing
中山,Zhongshan
惠州,Huizhou
东莞,Dongguan
阳江,Yangjiang
河源,Heyuan
韶关,Shaoguan
云浮,Yunfu
珠海,Zhuhai
湛江,Zhanjiang
东区,Dongqu
南区,Nanqu
珠海,Zhuhai
西区,Xiqu
石岐区,Shiqi
南头镇,Nantou
古镇镇,Guzhen
东凤镇,Dongfeng
小榄镇,Xiaolan
黄圃镇,Huangpu
三角镇,Sanjiao
民众镇,Minzhong
阜沙镇,Fusha
火炬区,Huoju
港口,Port
东升镇,Dongsheng
横栏镇,Railing
沙溪镇,Shaxi
大涌镇,Dachong
板芙镇,Banfu
五桂山镇,Wuguishan
南朗镇,Nanlang
三乡镇,Sanxiang
神湾镇,Shenwan
坦洲镇,Tanzhou
东莞,Dongguan
佛山,Foshan
清远,Qingyuan
惠州,Huizhou
江门,Jiangmen
端州,Duanzhou
高要,Gao Yao
鼎湖,Dinghu
四会,Sihui
大旺区,Dawang
广宁,Guangning
封开,Fengkai
德庆,Deqin
怀集,Huaiji
开发区,Kaifaqu
霞山,Xiashan
赤坎,Chikan
坡头,Slope
麻章,Hemp
廉江,Lianjiang
遂溪,Suixi
雷州,Leizhou
吴川,Wuchuan
徐闻,Xuwen
其他,Other
新兴县,Xinxing
云城区,yuncheng
郁南县,Yunan
云安县,Yun'an
罗定市,Luoding
江城区,jiangcheng
阳东县,Yangdong
阳春市,Yangchun
阳西县,yangxi
海陵岛,Hailing
高新区,Gaoxin
武江区,wujiang
浈江区,Zhenjiang
曲江区,Qujiang
乳源瑶族自治县,Ruyuan Yao Autonomous
乐昌市,lechang
城区,Chengqu
海丰县,Haifeng
陆河县,luhe
陆丰市,Lufeng
金平,Jinping
龙湖,Longhu
濠江,Haojiang
澄海,Chenghai
潮阳,Chaoyang
潮南,Chaonan
南澳,Nanao
清城区,Qingcheng
清新区,Qingxin
英德,British German
佛冈,Fogang
阳山,Yangshan
连州,Lianzhou
连南,Liannan
连山,Lianshan
梅江,Meijiang
梅县,Meixian
大埔,Taipo
丰顺,Fengshun
五华,Wuhua
平远,Pingyuan
蕉岭,Jiaoling
兴宁,Xingning
茂南,Maonan
电白,White
高州,Gaozhou
化州,Huazhou
信宜,Xinyi
其他,Other
榕城区,Rongcheng
揭东区,Jiedong
揭西县,Jiexi
惠来县,Huilai
普宁市,Puning
蓬江区,Pengjiang
江海区,jianghai
新会区,xinhui
鹤山市,Heshan
台山市,Taishan
开平市,Kaiping
恩平市,Enping
源城区,Yuancheng
紫金县,Zijin
龙川县,Longchuan
连平县,Lian Ping
青秀,Qingxiu
西乡塘,XiXiangTang
江南,South of the Yangtze River
兴宁,Xingning
良庆,Liangqing
邕宁,Yongning
北海市,Beihai
钦州市,Qinzhou
防城港,Port of Fangcheng
秀峰区,Xiufeng
叠彩区,Diecai
象山区,Xiangshan
七星区,Qixing
临桂新区,Lingui
灵川,Lingchuan
雁山,Yanshan
桂林周边,The periphery of the Guilin
港南区,Gangnan
港北区,Gangbei
覃塘区,Qintang
桂平,Guiping
平南,Pingnan
其他,Other
玉州区,Yuzhou
江南区,Jiangnan
玉东区,Yudong
福绵区,Fumian
北流市,Beiliu
陆川县,Luchuan
博白县,Bobai
兴业县,Xingye
容县,Rongxian
万秀区,Wanxiu
蝶山区,Dieshan
长洲区,Changzhou
苍梧县,Cangwu
藤县,Tengxian
蒙山县,Mengshan
岑溪市,cenxi
钦南区,Qinnan
钦北区,Qinbei
灵山县,Lingshan
河东新区,Hedong
钦州港,Qinzhougang
浦北县,Pubei
城中,Chengzhong
鱼峰,Yufeng
柳南,Liunan
柳北,Liubei
柳东,Liudong
柳江,Liujiang
其它,Other
八步区,Babu
平桂管理区,Guangxi management area
昭平县,Zhaoping
钟山县,Zijinshan
富川瑶族自治县,Fuchuan Yao Autonomous
金城江区,Jinchengjiang
南丹县,Nandan
天峨县,Tiane
凤山县,Fengshan
东兰县,Donglan
罗城仫佬族自治县,Luocheng Mulao Autonomous
环江毛南族自治县,Huanjiang Maonan Autonomous
巴马瑶族自治县,Bama
都安瑶族自治县,Du'an Yao Autonomous
大化瑶族自治县,dahua
宜州市,Yizhou
港口,Gangkou
防城,Fangcheng
上思,Think
东兴,Dongxing
防城周边,Other
全防城港,Fangchenggang
海城区,Haicheng
银海区,Yinhai
铁山港,Tieshangang
合浦县,Hepu
其他区县,Others
白云,White clouds
花溪,Huaxi
观山湖,Lake Guan Shan
南明,Southern Ming
清镇,Qingzhen
乌当,Wudang
小河,Xiaohe
云岩,Dolomite
其他,Other
汇川区,Huichuan
红花岗区,honghuagang
遵义县,Zunyi
仁怀市,Renhuai
江口县,Jiangkou
石阡县,Shiqian
思南县,Sinan
德江县,Dejiang
沿河县,Yanhe
碧江区,Bijiang
万山区,Wanshan
玉屏县,Yuping
印江县,Yinjiang
松桃县,Songtao
都匀市,Tuyun
福泉市,fuquan
荔波县,Libo
贵定县,Guiding
瓮安县,Weng an
独山县,DuShan
平塘县,Ping Tang
罗甸县,Luodian
长顺县,Chang Shun
龙里县,Longli
惠水县,Huishui
三都县,Sandu
凯里市,Kaili
黄平县,Huang Ping
镇远县,Zhenyuan
三穗县,Sansui
台江县,Taijiang
剑河县,Jianhe
岑巩县,Cengong
锦屏县,Jinping
从江县,Congjiang
榕江县,Rongjiang
黎平县,Liping
丹寨县,Danzhai
天柱县,Tianzhu
麻江县,Majiang
雷山县,Leishan
施秉县,Shibing
黔东南周边,Perimeter of Qiandongnan
全黔东南,All Qiandongnan
钟山区,Zhongshan
六枝特区,Six special economic zones
水城县,Shuicheng
盘县,Panxian
红桥新区,Hongqiao
双水新区,Shuangshui
德坞新区,Dewu
凤凰新区,Fenghuang
大方县,Dafang
黔西县,Qianxi
织金县,Zhijin
纳雍县,Nayong
赫章县,Hezhang
七星关区,Qixingguan
金沙县,Jinsha
威宁彝族回族苗族自治,The Miao autonomy of the Hui nationality of the Yi people of Weining
西秀区,Xixiu
平坝县,Pingba
普定县,Puding
安顺周边,Perimeter of Anshun
关岭区,Guanling
紫云区,Ziyun
镇宁区,Zhenning
贵安新区,Guian
开发区,Kaifaqu
兴义市,Xingyi
兴仁县,Xingren
普安县,Puan
晴隆县,Qinglong
贞丰县,Zhenfeng
望谟县,Wangmo
册亨县,Ceheng
安龙县,Anlong
黔西南周边,The periphery of southwestern Guizhou
海口,Haikou
三亚,Sanya
澄迈,Chengmai
陵水,Lingshui
儋州,Danzhou
琼海,Qionghai
万宁,Wanning
文昌,Wenchang
临高,Lingao
东方,Dongfang
五指山,Wuzhishan
保亭,Baoting
定安,Dingan
乐东,Ledong
屯昌,Tuenchang
白沙,Baisha
昌江,Changjiang
琼中,Joan
其他,Other
嘉积镇,Jiaji
万泉镇,Quanzhen
石壁镇,Shibi
中原镇,Zhongyuan
博鳌镇,Boao
阳江镇,Yangjiang
琼海周边,Perimeter of Qionghai
桥西,Qiaqiao
裕华,Yuhua
新华,Xinhua
长安,Changan
开发区,Kaifaqu
鹿泉,Luquan
正定,Zhengding
栾城,Luancheng
藁城,Gaocheng
平山,Pingshanshan
晋州,Jinzhou
辛集,Xinji
石家庄周边,Perimeter of Shijiazhuang
北戴河,Peitaiho
昌黎县,Changli
抚宁县,Funing
海港,seaport
卢龙县,Lulong
青龙县,Qinglong
山海关,Shanhaiguan
开发区,Kaifaqu
丰南,Fengnan
丰润,Fengrun
古冶,Guye
开平,Kaiping
路北,Lubei
路南,Lunan
滦县,Luanxian
迁安市,Qian'an
遵化市,Zunhua
玉田县,Yutian
唐海县,Tanghai
乐亭县,Leting
迁西县,Qianxi
滦南县,Luannan
高新区,Gaoxin
汉沽管理区,Hangu management area
海港开发区,Seaport Development Zone
芦台开发区,Lutai Development Zone
南堡开发区,Nanpu Development Zone
曹妃甸新区,Caofeidian
桥东区,Qiaodong
桥西区,Qiaoxi
高新区,Gaoxin
下花园区,Lower garden area
宣化,Xuanhua
张北,Zhangbei
沽源,Guyuan
怀来,Huailai
涿鹿,Zhuolu
崇礼,Chongli
康保,Health insurance
蔚县,Weixian
尚义,love uprightness
阳原,Yangyuan
万全,Wanquan
怀安,Huai'an
赤城,Akagi
金港,Jingang
凤凰,Fenghuang
其他乡镇,Others
桥东区,Qiaodong
桥西区,Qiaoxi
邢台县,Xingtai
临城县,Lincheng
内丘县,Neiqiu
柏乡县,Baixiang
隆尧县,Longyao
任县,Renxian
南和县,Nanhe
宁晋县,Ningjin
巨鹿县,Julu
新河县,Xinhe
广宗县,Guangzong
平乡县,Pingxiang
威县,Weixian
清河县,Qinghe
临西县,Linxi
南宫市,nangong
沙河市,shahe
开发区,Kaifaqu
燕郊,Yanjiao
安次,Anci
广阳,Guangyang
三河,Sanhe
霸州,Bazhou
香河,Xianghe
永清,Yongqing
固安,Guan
文安,Wen'an
大城,Big
大厂,Dachang
开发区,Kaifaqu
桃城区,Taocheng
深州市,Shenzhou
冀州市,Jizhou
安平县,Anping
故城县,Gucheng
阜城县,Fucheng
景县,Jingxian
枣强县,Zaoqiang
武强县,Wuqiang
饶阳县,Raoyang
开发区,Kaifaqu
武邑县,Wuyi
郊区,Suburb
高开区,Gaojingkai
丛台区,Congtai
邯山区,Hanshan
复兴区,Fuxing
邯郸县,Handan
武安市,Wuan
峰峰矿区,Fengfeng Danqu
永年县,Yongnian
成安县,Cheng An
磁县,Cixian
临漳县,Linzhang
大名县,Daming
魏县,Weixian
邱县,Qiuxian
涉县,Shexian
肥乡县,Feixiang
曲周县,Quzhou
鸡泽县,Jize
广平县,Guangping
馆陶县,Guantao
双桥区,Shuangqiao
双滦区,shuangluan
开发区,Kaifaqu
围场县,Paddock
丰宁县,Fengning
兴隆县,Xinglong
平泉县,Pingquan
承德县,Chengde
营子区,Yingzi
隆化县,Longhua
宽城县,Kuancheng
滦平县,Luanping
运河区,Canal area
新华区,Xinhua
开发区,Kaifaqu
任丘市,Renqiu
黄骅市,Huanghua
河间市,Hejian
泊头市,Botou
沧县,Cangxian
青县,Qingxian
肃宁县,Suning
吴桥县,Wuqiao
东光县,Dongguang
海兴县,Haixing
盐山县,Yanshan
献县,Xianxian
南皮县,Nanpi
渤海新区,Bohai
孟村回族自治县,Mengcun Hui Autonomous
白沟,Baigou
高新区,Gaoxin
新市区,New urban area
北市区,North
南市区,Southern
容城县,Rongcheng
安新县,Anxin
高阳县,Gaoyang
满城区,Manchu
清苑区,Qingyuan
涞水县,Laishui
望都县,Wangdu
顺平县,Shunping
定兴县,Dingxing
徐水县,Xushui
高碑店市,Gaobeidian
安国市,Anguo
涿州市,Zhuozhou
定州市,Dingzhou
保定周边,Perimeter of Baoding
金水区,jinshui
中原区,Zhongyuan
管城区,Urban area
二七区,erqi
惠济区,Huiji
郑东新区,Zhengdong New
高新区,Gaoxin
经开区,Jingkai
中牟县,Zhongmu
平原新区,Xinqu of plain
龙湖镇,Longhu
郑州周边,Perimeter of Zhengzhou
驿城区,Yicheng
西平县,Xiping
汝南县,Ru'nan
遂平县,Suiping
正阳县,Zhengyang
上蔡县,Shangcai
泌阳县,Biyang
新蔡县,Xincai
确山县,Queshan
平舆县,Pingyu
川汇区,Chuanhui
项城,Xiangcheng
商水县,Shangshui
淮阳县,Huaiyang
太康县,Taikang
鹿邑县,Luyi
西华县,Xihua
扶沟县,Fugou
沈丘县,Shenqiu
郸城县,Dancheng
魏都区,Weidu
东城区,Dongcheng
西开发区,West Development Zone
许昌县,Xuchang
许昌新区,Xuchang
长葛,Changge
禹州,Yuzhou
鄢陵,Yanling
襄城,Xiangcheng
其他,Other
浉河区,Shihe
平桥区,Pingqiao
羊山新区,Yangshan
固始县,Gushi
罗山县,Luoshan
潢川县,Huangchuan
光山县,Guangshan
新县,Xinxian
息县,Xixian
商城县,Shangcheng
淮滨县,Huaibin
卫滨区,Weibin
红旗区,Hongqi
牧野区,Muye
高新技术产业开发区,New and high-tech Industrial Development Zone
凤泉区,Fengquan
西工区,Xigong
小店工业区,Xiaodian industrial area
卫辉市,Weihui
辉县市,Huixian
获嘉县,Huojia
原阳县,Yuanyang
延津县,Yanjin
封丘县,Fengqiu
平原示范区,Plain demonstration area
新乡县,Xinxiang
长垣县,Changyuan
其它,Other
梁园区,Liangyuan
睢阳区,Suiyang
开发区,Kaifaqu
民权县,Minquan
宁陵县,Ningling
夏邑县,Xiayi
柘城县,Zhecheng
虞城县,Yucheng
永城市,Yongcheng
睢县,Suixian
油田总部,Oil field headquarters
华龙区,Hualong
高新区,Gaoxin
老城区,Old
台前县,Taiqian
清丰县,Qingfeng
范县,Fan
南乐县,Nanye
新华区,Xinhua
卫东区,Weidong
湛河区,Zhanhe
石龙区,Shilong
新城区,New urban area
宝丰县,Baofeng
郏县,Jiaxian
鲁山县,Lushanshan
叶县,Yexian
宛城区,wancheng
卧龙区,Wolong
南召县,Nanzhao
方城县,Fangcheng
西峡县,Xixia
镇平县,Zhenping
内乡县,Neixiang
淅川县,Xichuan
社旗县,Social flag
唐河县,Tanghe
新野县,Xinye
桐柏县,Tongbai
邓州市,Dengzhou
高新区,Gaoxin
源汇区,yuanhui
郾城区,Yancheng
召陵区,Shaoling
临颍县,Linying
舞阳县,Wuyang
洛龙,Lolong
涧西,Jianxi
西工,Xigong
老城,Old
瀍河区,Chanhe
吉利,Auspicious
偃师市,Yanshi
孟津县,Mengjin
伊川县,Yichuan
宜阳县,Yiyang
新安县,Xin'an
嵩县,Songxian
汝阳县,Ruyang
洛宁县,Luoning
栾川县,Luanchuan
鼓楼,Gulou
龙亭,Longting
顺河,Shunhe
禹王台,Yuwangtai
金明,Jinming
杞县,Qixian
通许,Tongxu
尉氏,Weishi
开封县,Kaifeng
兰考,Lankao
其他,Other
解放,liberate
山阳,Shanyang
中站,Zhongzhan
马村,Macun
高新,Gaoxin
孟州,Mengzhou
沁阳,Qinyang
温县,Wenxian
武陟,Wuzhi
博爱,Boai
修武,Xiuwu
其他,Other
济水街道,Jishui
沁园街道,Qinyuan
北海街道,Beihai
天坛街道,Tiantan
玉泉街道,Yuquan
克井镇,Kjing
五龙口镇,Wulongkouzhen
梨林镇,Lilin
轵城镇,Town
承留镇,The of Cheng Liu
坡头镇,Slope
大峪镇,Dayu
邵原镇,Shaoyuan
思礼镇,Rite
王屋镇,Wangwu
下冶镇,Xiaye
鹤山区,Heshan
山城区,Shancheng
淇滨区,Qibin
浚县,Xunxian
淇县,Qixian
文峰,Wenfeng
北关,Beiguan
殷都,Yindu
龙安,Longan
东区,Dongqu
开发区,Kaifaqu
安阳县,Anyang
林州,Linzhou
汤阴,Tangyin
滑县,Huaxian
内黄,Neihuang
其他,Other
安东新城区,The new urban area of Anton
安汤新城,Antang
南岗,Nangang
香坊,Xiangfang
道里,Taoli
道外,Others
平房,Bungalow
松北区,Songbei
利民,Limin
阿城,Acheng
北林区,Beilin
望奎县,Wangkui
兰西县,Lanxi
青冈县,Qinggang
庆安县,Qing'an
明水县,Mingshui
绥棱县,Ling
安达市,Andal
肇东市,Zhaodong
海伦市,Hailun
龙沙区,Longsha
建华区,Jianhua
铁锋区,Tiefeng
昂昂溪区,Ang'angxi
富拉尔基区,Fularji
碾子山区,Nianzishan
梅里斯达斡尔族区,Meilisi Daur
龙江县,Longjiang
依安县,Yian
泰来县,Tailai
甘南县,Gannan
富裕县,Rich
克山县,Keshan
克东县,Kedong
拜泉县,Baiquan
讷河市,Nehe
勃利县,Boli
新兴区,Xinxing
桃山区,Taoshan
茄子河区,Qiezihe
东安区,Dong'an
阳明区,Yangming
爱民区,Aimin
西安区,Xi'an
东宁县,Dongning
林口县,Linkou
绥芬河市,Suifenhe
海林市,hailin
宁安市,Ning'an
穆棱市,Muling
江南新区,Jiangnan
郊区,Suburb
向阳,Xiangyang
前进,Forward
东风,East wind
抚远,pacify a distant area
桦川,Huachuan
桦南,Huanan
富锦,Fujin
汤原,Tangyuan
同江,Tongjiang River
萨尔图,Saertu
红岗,Red granite
让胡路,Give way to the road
龙凤,Dragon and Fenghuang
大同区,Datong
肇州,Zhaoqing
肇源县,Zhaoyuan
林甸县,Lindian
杜尔伯特蒙古族自治县,Du Bert Mongol Autonomous
高新区,Gaoxin
武昌,Wuchang
江汉,Jianghan
汉阳,Hanyang
洪山,Hongshan
硚口,Mouth
江岸,Jiangan
青山,Lushshan
沌口,Zhuankou
东西湖,Dongxihu
江夏,Jiangxia
黄陂,Huangpi
阳逻,Yangluo
汉南,Hannan
蔡甸,Caidian
新洲,Xinzhou
夷陵,Yiling
西陵,Xiling
伍家岗,Wujiagang
点军,Order
猇亭,Xiaoting
宜都市,Yidu
当阳市,Dangyang
枝江市,Zhijiang
东山开发区,Dongshan Development Zone
远安县,Yuan an
兴山县,Xingshan
秭归县,Zigui
长阳土家族自治县,changyang tujia autonomous
五峰土家族自治县,Wufeng Tujia Autonomous
孝南,Xiaonan
汉川,Hanchuan
应城,Yingcheng
安陆,Anlu
云梦,Yunmeng
孝昌,Xiaochang
大悟,Dawu
其他,Other
樊城区,Fancheng
襄城区,Xiangcheng
襄州区,Xiangzhou
高薪区,Gaoxin
鱼梁洲,Yuliang
东津新区,Dongjin
宜城,Yicheng
枣阳,Jujube
老河口,Laohekou
谷城,Gucheng
保康,Powcan
南漳,Nanzhang
嘉鱼县,Jiayu
通城县,Tongcheng
崇阳县,Chongyang
通山县,Tongshan
赤壁市,chibi
咸宁地区,Xianning region
曾都,zengdu
随县,Along with the
广水,Guangshui
其他,Other
茅箭区,maojian
张湾区,Zhangwan
郧县,Yunxian
郧西县,Yunxi
竹山县,Zhushan
竹溪县,Zhuxi
房县,Fangxian
丹江口市,Danjiangkou
沙市区,Sha
荆州区,Jingzhou
公安县,Gongan
松滋市,Songzi
石首市,Shishou
江陵县,Jiangling
洪湖市,honghu
监利县,Jianli
掇刀区,Duodao
东宝区,Dongbao
高新区,Gaoxin
京山县,Jingshan
漳河新区,Zhanghe
沙洋县,shayang
黄石港区,Huangshigang
市中心,Center
团城山区,Tuchengshan area
西塞山区,Xisaishan
花湖开发区,Hua Hu Development Zone
下陆区,Xialu
铁山区,Tieshan
大冶市,Daye
阳新县,Yangxin
其他,Other
黄州区,huangzhou
麻城市,Macheng
武穴市,Wuxue
浠水县,Xishui
罗田县,Luotian
团风县,tuanfeng
蕲春县,Qichun
黄梅县,Huangmei
英山县,Yingshan
红安县,Hong'an
龙感湖,Longganhu
利川市,Lichuan
建始县,Jianshi
巴东县,Badong
宣恩县,Xuanen
咸丰县,Xianfeng
来凤县,Laifeng
鹤峰县,Hefeng
舞阳坝,Wuyang
六角亭,Liujiaoting
小渡船,Ferryboat
航空路,Aeronautical Road
旗峰坝,Qifeng
土桥坝,Tuqiao
金桂大道,Jingui
施州大道,Shizhou
红庙开发区,Red temple Development Zone
梁子湖区,Liangzihu
华容区,Huarong
鄂城区,Echeng
雨花区,Yuhua
芙蓉区,furong
岳麓区,Yuelu
天心区,Tianxin
开福区,kaifu
望城区,Wangcheng
星沙,Xingsha
浏阳市,Liuyang
宁乡县,Ningxiang
株洲,Zhuzhou
天元,Tianyuan
荷塘,Hetang
芦淞,Song
石峰,Danfeng
醴陵,Liling
株洲县,Zhuzhou
攸县,Youxian
茶陵,Chaling
炎陵,Yanling
云龙示范区,Yunlong demonstration area
永定区,Yongding
桑植县,Sangzhi
武陵源区,Wulingyuan
慈利县,Cili
岳阳楼,Yueyang
云溪,Yunxi
君山,Junshan
岳阳,Yueyang
华容,Huarong
湘阴,Xiangyin
平江,Pingjiang
汨罗,Miluo
临湘,Linxiang
零陵区,Lingling
冷水滩区,Lengshuitan
祁阳县,Qiyang
资阳区,Ziyang
赫山区,Heshan
南县,Nanxian
桃江县,Taojiang
安化县,Anhua
沅江市,yuanjiang
高新区,Gaoxin
大通湖区,Datong Lake area
湘潭周边,Perimeter of Xiangtan
雨湖,Rainy Lake
岳塘,Yue Tong
九华经济开发区,Jiuhua Economic Development Zone
韶山,Shaoshan
湘潭县,Xiangtan
湘乡,Xiangxiang
大祥区,Daxiang
双清区,Shuangqing
北塔区,Beita
邵东县,Shaodong
新邵县,Xinshao
邵阳县,Shaoyang
隆回县,Longhui
洞口县,Dongkou
绥宁县,Suining
新宁县,Xin Ning
城步苗族自治县,Chengbu Miao Autonomous
武冈市,wugang
娄星区,Louxing
双峰县,Shuangfeng
新化县,Xinhua
冷水江市,Lengshuijiang
涟源市,lianyuan
市经济开发区,City Economic Development Zone
万宝新区,Wanbao
湖天区,Lake Sky Area
紫东片区,Purple East Section
城东区,Seongdong-gu
城中区,city central
铁北区,Iron North
河西区,Hexi
鹤城区,Hecheng
中方县,Chinese
洪江市,hongjiang
芷江县,Zhi River
溆浦县,Xupu
辰溪县,Chenxi
会同县,Huitong
靖州县,Jingzhou
通道县,Channel
新晃县,Xinhuang
沅陵县,Yuanling
麻阳县,Mayang
蒸湘,Steam Xiang
珠晖,Zhu Hui
雁峰,Wild goose peak
石鼓,Stone Drum
南岳,Mount Heng in Hunan Province
衡阳县,Hengyang
衡南,Hengnan
衡山,Hengshan
祁东,Qidong
耒阳,Leiyang
常宁,Changning
衡东,Hengdong
北湖区,Beihu
苏仙区,Suxian
桂阳县,Guiyang
宜章县,Yizhang
永兴县,Yongxing
嘉禾县,Jiahe
临武县,Linwu
汝城县,Rucheng
桂东县,Guangdong
安仁县,Anren
资兴市,Zixing
武陵,Wuling
鼎城,Dingcheng
津市,tsu
澧县,Lixian
桃源,Taoyuan
石门,Shimen
临澧,Linli
安乡,Anxiang
汉寿,Hanshou
朝阳,Chaoyang
高新,Gaoxin
南关,Nanguan
经开,Pass through
净月,Net month
绿园,Green Park
宽城,Broad
二道,The two way
汽车厂开发区,Automobile Factory Development Zone
呼兰,Hulan
宁江区,Ning Jiang
前郭县,Qian Guo
长岭县,Changling
乾安县,Qian An
扶余市,Fuyu
铁西区,Tiexi
铁东区,Tiedong
梨树县,lishu
伊通满族自治县,Yitong Manchu Autonomous
公主岭市,Gongzhuling
双辽市,Shuangliao
昌邑区,Changyi
船营区,Chuanying
龙潭区,Longtan
丰满区,Fengman
永吉县,Yongji
舒兰市,shulan
磐石市,Panshi
蛟河市,Jiaohe
桦甸市,huadian
经开区,Jingkai
高新区,Gaoxin
延吉市,Yanji
敦化市,dunhua
珲春市,HunChun
汪清县,Wangqing
安图县,Antu
龙井市,Longjing
和龙市,Helong
图们市,Tumen
白下,Baixia
鼓楼,Gulou
高淳,Gaochun
建邺,Jianye
江宁,Jiangning
溧水,Lishui
六合,Liuhe
浦口,Pukou
秦淮,Qinhuai
玄武,Basalt
栖霞,Qixia
下关,Xiaguan
雨花台,Yuhuatai
南京周边,Perimeter of Nanjing
姑苏区,Gusu
吴中区,wuzhong
相城区,Xiangcheng
高新区,Gaoxin
工业园区,industrial park
吴江区,Wujiang
昆山,Kunshan
常熟,Changshu
太仓,Taicang
张家港,Zhangjiagang
无锡,Wuxi
崇安区,Chongan
南长区,Nanchang
北塘区,Beitang
惠山区,huishan
锡山区,xishan
滨湖区,Binhu
江阴市,Jiangyin
宜兴市,Yixing
新区,Xinqu
新吴区,Xinwu
玉山镇,Yushan
花桥镇,Huaqiao
巴城镇,Town of Pakistan
千灯镇,Qiandeng
张浦镇,Zhangpu
周市镇,Zhou
陆家镇,Lujia
锦溪镇,Jinxi
淀山湖镇,Dianshanhu
周庄镇,zhouzhuang
周边,periphery
新北,Taipei
天宁,Tinian
钟楼,Bell
武进,Wujin
戚区,Qi
金坛,Jintan
溧阳,Liyang
常州周边,Perimeter of Changzhou
宝应市,Baoying
广陵区,Guangling
高邮市,Gaoyou
邗江区,Hanjiang
江都区,Jiangdu
开发区,Kaifaqu
仪征市,Yizheng
丰县,Fengxian
鼓楼,Gulou
贾汪,Jiawang
金山桥开发区,Jinshan Bridge Development Zone
沛县,Peixian
邳州市,Pizhou
泉山,Quanshan
睢宁市,Suining
新城区,New urban area
新沂市,Xinyi
云龙,Yunlong
铜山区,Tongshan
崇川,Chongchuan
港闸,Gangzha
海门市,Haimen
海安县,Haian
开发区,Kaifaqu
启东市,qidong
如皋市,Rugao
如东县,Rudong
通州,Tongzhou
丹阳市,Danyang
句容市,jurong
扬中市,yangzhong
丹徒区,dantu
京口区,Jingkou
润州区,Runzhou
镇江新区,Zhenjiang
亭湖,Pavilionhu
盐都,Yandu
响水,Xiangshui
阜宁,Funing
滨海,Coastal
射阳,Sheyang
建湖,Jianhu
东台,Dongtai
大丰,Dafeng
城南新区,Chengnan
开发区,Kaifaqu
宿城区,Sucheng
宿豫区,Suyu
沭阳县,Shuyang
泗洪县,Sihong
泗阳县,Siyang
洋河新区,Yanghe
其他,Other
城中,Chengzhong
城东,Chengdong
城南,Chengnan
城西,Chengxi
城北,Chengbei
高港,Gaogang
靖江市,Jingjiang
姜堰市,Jiangyan
泰兴市,taixing
兴化市,xinghua
新浦,Sinpo
海州,Haizhou
连云,Lian Yun
开发,Development
灌南,Guannan
灌云,Guanyun
东海,DongHai
赣榆,Ganyu
清河区,Qinghe
清浦区,Qingpu
淮阴区,huaiyin
金湖县,Jinhu
盱眙县,Xuyi
涟水县,Lianshui
洪泽县,Hongze
开发区,Kaifaqu
楚州,Chuzhou
昌北,Changbei
象湖,Xianghu
东湖,Donghu
高新开发区,Gaoxin Development Zone
红谷滩,Honggu
南昌县,Nanchang
青山湖,Qingshanhe
青云谱,Qingyunpu
湾里,Wanli
西湖,Xihe
新建县,Xinjian
月湖区,Yuehu
余江县,Yujiang
贵溪市,Guixi
高新区,Gaoxin
龙虎山,Longhushan
信江新区,Xinjiang
袁州,Yuanzhou
丰城,Fengcheng
高安,takayasu
樟树,Zhangshu
万载,Wanzai
上高,Shanggao
奉新,Fengxin
宜丰,Yifeng
其它,Other
渝水区,yushui
分宜县,Yi
仙女湖风景名胜区,Jiangkou Reservoir Scenic Area
新余高新开发区,Xinyu Gaoxin Development Zone
信州区,Xinzhou
广丰县,Guangfeng
德兴市,Dexing
上饶县,Shangrao
玉山县,Yushan
铅山县,Yanshan
横峰县,Hengfeng
弋阳县,Yiyang
余干县,Yugan
鄱阳县,Poyang
万年县,Wannian
婺源县,Wuyuan
安源区,Anyuan
湘东区,Xiangdong
莲花县,Lianhua
上栗县,Shangli
芦溪县,Luxi
浔阳,Xunyang
庐山,Lushanshan
开发区,Kaifaqu
九江县,Jiujiang
湖口县,Hukou
彭泽县,Pengze
都昌县,Duchang
星子县,Xingzi
德安县,De an
永修县,Yongxiu
瑞昌市,ruichang
共青城市,Gongqingcheng
武宁县,Wuning
修水县,Xiushui
昌江区,changjiang
珠山区,Zhushan
浮梁县,Fuliang
乐平市,Leping
吉州区,Jizhou
青原区,Qingyuan
井冈山市,Jinggangshan
吉安县,Ji'an
泰和县,Taihe
万安县,Wan An
遂川县,Suichuan
永新县,Yongxin
永丰县,Yongfeng
吉水县,Jishui
安福县,Anfu
新干县,Xinqian
峡江县,Xiajiang
章贡,Zhanggong
章江新区,Zhangjiang
老城区,Old
开发区,Kaifaqu
站北区,The north area of the station
水东区,Shuidong
水西区,Waterxiqu
南康,Nankang
瑞金,Ruijin
赣县,Ganxian
信丰,Xinfeng
宁都,ningdu
于都,Yudu
大余,Excess
上犹,Judah
崇义,Worship
安远,Anyuan
定南,Dingnan
全南,Quannan
兴国,Xingguo
临川区,Linchuan
南城县,Nancheng
黎川县,Lichuan
南丰县,Nanfeng
崇仁县,Chongren
乐安县,Yuean
宜黄县,Yihuang
金溪县,Jinxi
资溪县,Zixi
东乡县,Dongxiang
广昌县,Guangchang
沈河区,Shenhe
大东区,Dadong
皇姑区,Huanggu
和平区,Heping
铁西区,Tiexi
东陵区,Dongling
于洪区,Yuhong
浑南新区,Hunnan
沈北新区,Shenbei
苏家屯,Sujiatun
沈抚新城,Shenfu
其它区域,Others
中山区,Zhongshan
西岗区,xigang
沙河口区,shahekou
甘井子区,ganjingzi
高新技术产业园区,Gaoxin Technology Industrial Park
经济技术开发区,Economic-Technological Development Area
旅顺口区,Lushun mouth area
金州区,Jinzhou
瓦房店市,Wafangdian
普兰店市,Pulandian
庄河市,Zhuanghe
长海县,Changhai
长兴岛临港工业区,Changxing Islandgang Industrial Zone
新抚区,Xinfu
顺城区,Shun
东洲区,dongzhou
望花区,Wanghua
开发区,Kaifaqu
胜利,Shengli
清原,Qingyuan
新宾,Xinbin
抚顺县,Fushun
铁西,Tiexi
铁东,Tiedong
千山,Qianshan
立山,Lishan
岫岩,Xiuyan
海城,Haicheng
台安,Taian
高新区,Gaoxin
站前,Zhanqian
西市,West
鲅鱼圈,Bayuquan
大石桥,Dashiqiao
盖州,Gaizhou
昌图,Changtu
调兵山,Diaobingshan
开原,Kaiyuan
清河,Qinghe
西丰,Xifeng
银州,Yinzhou
铁岭新城区,New urban area of Tieling
铁岭县,Tieling
其他,Other
双台子区,Shuangtaizi
兴隆台区,Xinglongtai
白塔区,Baita
文圣区,Wensheng
宏伟区,Hongwei
弓长岭区,Gongchangling
太子河区,Taizihe
辽阳县,Liaoyang
灯塔市,Dengta
凌河,Linghe
古塔,Guta
太和,Taihe
松山新区,Songshan
凌海,Linghai
经济开发区,economic development zone
黑山,Montenegro
北镇,Beizhen
义县,Yixian
连山区,Lianshanshans
龙港区,Longgang
南票区,Nanpiao
绥中县,Suizhong
建昌县,Jianchang
兴城市,Xingcheng
龙湾中央商务区,Longwan central business
东戴河新区,The of the East Dai River
海州区,haizhou
新邱区,Xinqiu
太平区,Taiping
清河门区,Qinghemen
细河区,Xihe
阜新蒙古族自治县,Fuxin Mongolian Autonomous
彰武县,Zhangwu
元宝区,Yuanbao
振兴区,Zhenxing
振安区,Zhenan
宽甸满族自治县,Kuandian Manchu Autonomous
东港市,donggang
凤城市,Fengcheng
新城区,New urban area
开发区,Kaifaqu
平山区,Pingshan
溪湖区,xihu
双塔区,Shuangta
龙城区,Longcheng
朝阳县,Chaoyang
建平县,Jianping
喀喇沁左翼蒙古族自治,The Mongolian Autonomy of the left wing of the Kala
北票市,Beipiao
凌源市,Lingyuan
新城,Xingcheng
赛罕,Saihan
玉泉,Yuquan
回民,Huimin
如意开发区,Ruyi Development Zone
金桥开发区,Jinqiao Development Zone
金川开发区,Jinchuan Development Zone
金山开发区,Jinshan Development Zone
昆都仑区,Kundulunqu
东河区,Donghe
青山区,Qingshan
九原区,Jiuyuan
白云鄂博矿区,Bayan Obo
石拐区,shiguai
固阳县,Guyang
土默特右旗,The right flag of the earth
达尔罕茂明安联合旗,United flag of the Da Han Ming An
稀土高新区,Rare earth high tech Zone
滨河新区,Binhe
集宁区,Jining
丰镇市,Fengzhen
兴和县,Xinghe
卓资山县,Zhuozishan
凉城县,Liangcheng
化德县,Hude
商都县,Shangdu
察哈尔右翼前旗,Chahar Right Wing Front Banner
察哈尔右翼中旗,Chahar right wing middle flag
察哈尔右翼后旗,Right wing back flag of Chahar
四子王旗,Siziwangqi
海勃湾区,Haibowan
乌达区,Wuda
海南区,Hainan
滨河区,Binhe
科尔沁区,Keerqin
霍林郭勒市,Huolingol
开鲁县,Kailu
科尔沁左翼中旗,Horqin left-wing middle flag
科尔沁左翼后旗,Horqin left-wing rear flag
奈曼旗,Naiman Banner
库伦旗,Kulun flag
扎鲁特旗,The flag of Al
城南,Chengnan
城北,Chengbei
城东,Chengdong
城西,Chengxi
东胜,Dongsheng
铁西,Tiexi
康巴什,Kangbashi
达拉特旗,Dalate flag
伊金霍洛旗,Yijinhuoluo
乌审旗,Wu Wei banner
杭锦旗,Hangjinqi
鄂托克旗,The east of China
鄂托克前旗,Etuokeqianqi
准格尔旗,Zhungeer Qi
红山区,Hongshanshan
松山区,songshan
新城区,New urban area
桥北新区,The of the bridge north
元宝山区,yuanbaoshan
其他,Other
海拉尔区,hailar
满洲里市,Manchuria
扎兰屯市,Zhalantun
牙克石市,yakeshi
根河市,Genhe
额尔古纳市,Ergun
阿荣旗,Arongqi
新巴尔虎右旗,New bar and tiger right flag
新巴尔虎左旗,New barn and tiger left flag
陈巴尔虎旗,Chen Ba Er and tiger flag
鄂伦春自治旗,Oroqen autonomous flag
鄂温克族自治旗,Evenki Autonomous Banner
莫力达瓦达斡尔族自治,Mori Dawa Daur autonomy
临河区,linhe
五原,Five original
磴口,Dengkou
乌拉特前旗,The front banner of the US
乌拉特中旗,Urat Zhongqi
乌拉特后旗,The rear flag of the US
杭锦后旗,Hangjinhouqi
临河周边,Perimeter of Linhe
锡林浩特市,xilinhot
二连浩特市,Erenhot
多伦县,Duolun
正蓝旗,The blue flag
镶黄旗,Yellow flag
正镶白旗,A white flag
阿巴嘎旗,AlbagA
太仆寺旗,Taipusiqi
苏尼特左旗,The left flag of the Fenghuang
苏尼特右旗,The right flag of the sun
东乌珠穆沁旗,East Wu Zhu Mu Qin flag
西乌珠穆沁旗,West Wu Zhu Mu Qin flag
乌拉盖管理区,Urapi management area
兴庆区,Xingqing
金凤区,Jinfeng
西夏区,Xixia
滨河新区,Binhe
贺兰县,Helan
永宁县,Yongning
灵武市,Lingwu
大武口区,Dawukou
惠农区,Huinong
平罗县,Pingluo
利通区,Litong
红寺堡区,Hongsibaoqu
盐池县,Yanchi
同心县,Tongxin
青铜峡市,qingtongxia
沙坡头区,Shapotou
中宁县,Zhongning
海原县,Haiyuan
原州区,Yuanzhou
西吉县,Xiji
隆德县,Longde
泾源县,Jingyuan
彭阳县,Pengyang
城东区,Seongdong-gu
城中区,Chengzhong
城西区,Chengxi
城北区,Seongbuk-gu
大通自治县,Datong Autonomous
湟中,Huangzhong
湟源,Huangyuan
城南新区,Chengnan
市中,In the
天桥,Footbridge
历下,Calendar
历城,The calendar
高新,Gaoxin
槐荫,Huaihua shade
长清,Changqing
章丘,Zhangqiu
商河,Shanghe
济阳,Jiyang
平阴,Pingyin
崂山,Laoshan
市南,Shinan
市北,Shinbei
四方,Xifang
李沧,Licang
黄岛开发区,Huangdao Development Zone
城阳,Chengyang
胶州市,jiaozhou
胶南市,Jiaonan
平度市,Pingdu
莱西市,Laixi
即墨市,Jimo
芝罘区,Zhifu
莱山区,Laishan
开发区,Kaifaqu
福山区,fushan
牟平区,Muping
蓬莱市,Penglai
莱州市,Laizhou
龙口市,Longkou
海阳市,Haiyang
栖霞市,Qixia
招远市,Zhaoyuan
高新区,Gaoxin
莱阳市,Laiyang
奎文,Kuiwei
潍城,Weicheng
高新技术开发区,Gaoxin Technology Development Zone
经济开发区,economic development zone
寒亭,Hanting
坊子,Fangzi
滨海经济开发区,Coastal Economic Development Zone
寿光,Shouguang
诸城,Zhucheng
高密,Gaomi
昌邑,Changyi
青州,Qingzhou
安丘,Anqiu
临朐,Linqu
昌乐,Changle
钢城,cities formed mainly of steel-production enterprises
莱城,Laicheng
全莱芜,All Laiwu
高区,Patricia Lee Gauch
环翠区,huancui
经区,Jingqu
乳山市,Rushan
荣成市,Rongcheng
文登市,Wendeng
全枣庄,All Zaozhuang
山亭,Mountain Pavilion
市中,Shizhong
台儿庄,Taierzhuang
滕州,Tengzhou
薛城,Xuecheng
峄城,Yicheng
张店区,zhangdian
高新区,Gaoxin
周村,Zhoucun
临淄,Linzi
淄川,Zichuan
桓台,Huantai
沂源,Yiyuan
高青,Gaoqing
博山,Boshan
岱岳区,Daiyue
肥城,Feicheng
高新区,Gaoxin
泰山区,Taishan
新泰市,Xintai
宁阳县,Ningyang
东平县,Dongping
东港,Donggang
石臼,Danjiu
老城区,Laocheng
新市区,New urban area
开发区,Kaifaqu
高新区,Gaoxin
山海天旅游度假区,Mountain and Haitian tourist resort
岚山,Arashiyama
五莲,Wulian
莒县,Juxian
其他,Other
河东区,Hedong
罗庄区,Luozhuang
北城新区,North
经济开发区,economic development zone
兰山区,lanshan
苍山县,Cangshan
莒南县,Junan
沂水县,Yishui
平邑县,Pingyi
蒙阴县,Mengyin
费县,Feixian
临沭县,Linshu
郯城县,Tancheng
沂南县,Yinan
东昌府,Dongchangfu
临清,Linqing
阳谷,Yanggu
茌平,Chiping
莘县,Shenxian
东阿,Dong'e
冠县,Guanxian
高唐,Gaotang
经济开发区,economic development zone
高新技术开发区,Gaoxin Technology Development Zone
江北水城旅游度假区,Jiangbei Shuicheng tourist resort
市中区,Shizhong
任城区,Rencheng
高新区,Gaoxin
太白湖新区,Taibai
兖州区,Yanzhou
曲阜,Qufu
梁山,Liangshan
汶上,Wenshang
金乡,Jinxiang
嘉祥,Jiaxiang
鱼台,Fish table
泗水,Surabaya
微山,Weishan
济宁经济技术开发区,Jining economic and Technological Development Zone
牡丹,peony
鄄城,Juancheng
单县,Shanxian
郓城,Yuncheng
曹县,Caoxian
定陶,Dingtao
巨野,Juye
东明,Dongming
成武,Chengwu
开发区,Kaifaqu
其它,Other
东城,Dongcheng
西城,Xicheng
新区,Xinqu
河口,estuary
广饶,Guangrao
垦利,Kenli
利津,Lijin
其他,Other
牛庄,Niu Zhuang
胜利油田,Shengli Oil Field
东营港,Dongyinggang
武城,Wucheng
夏津,Xiajin
平原,plain
齐河,Qihe
禹城,Yucheng
宁津,Ningjin
陵城区,Mausoleum
乐陵,Leling
临邑,Linyi
庆云,Qingyun
其他,Other
经济开发区,economic development zone
运河开发区,Canal Development Zone
德城区,De
滨城区,bincheng
博兴县,Boxing
惠民县,Huimin
无棣县,Wudi
阳信县,Yangxin
沾化县,Zhanhua
邹平县,Zouping
尖草坪,Turf
晋源,Jinyuan
万柏林,Wanpolin
小店,Xiaodian
杏花岭,Xinghua ridge
迎泽,Yingze
榆次,Yuci
其他区县,Others
城区,Chengqi
郊区,Suburb
长治县,Changzhi
襄垣县,Xiangyuan
屯留县,Tunliu
平顺县,Ping Shun
黎城县,Li Cheng
壶关县,Huguan
长子县,Changzi
武乡县,Wuxiang
沁县,Qinxian
沁源县,Qinyuan
潞城市,lucheng
盐湖区,Salinehe
永济市,Yongji
河津市,Hejin
临猗县,Linyi
万荣县,Wanrong
闻喜县,Wenxi
稷山县,Jishan
绛县,Jiang
垣曲县,Yuanqu
夏县,Xia
平陆县,Pinglu
芮城县,Ruicheng
城区,Chengqu
矿区,Danqu
郊区,Suburb
平定县,Ping Ding
盂县,Yuxian
忻府区,Xinfu
原平市,Yuanping
代县,Dai
繁峙县,Fanshi
静乐县,Jingle
定襄县,Dingxiang
五台县,Five counties
宁武县,Ningwu
神池县,Shen Chi
五寨县,Wuzhai
河曲县,Hequ
保德县,Baode
岢岚县,Cochran
偏关县,Guan Guan
朔城区,Shuocheng
平鲁区,Pinglu
山阴县,Shanyin
应县,Yingxian
右玉县,Youyu
怀仁县,Huairen
离石区,Lishi
文水县,Wenshui
交城县,Jiaocheng
兴县,Xing
临县,Linxian
柳林县,Liulin
石楼县,Shi Lou
岚县,Lan
方山县,Fangshan
中阳县,Zhongyang
交口县,Jiaokou
孝义市,Xiaoyi
汾阳市,Fenyang
吉县,Jixian
尧都区,Yaodu
曲沃县,Quwo
翼城县,Yicheng
襄汾县,Xiangfen
洪洞县,Hongdong
古县,Ancient
安泽县,Anze
浮山县,Fushan
乡宁县,Xiangning
大宁县,Daning
隰县,Xi
永和县,Yonghe
蒲县,Pu
汾西县,Fenxi
侯马市,Houma
霍州市,Huozhou
榆次,Yuci
介休,Jiexiu
太谷,Taigu
祁县,Qi
平遥,Pingyao
灵石,Lingshi
寿阳,Shouyang
昔阳,Xiyang
和顺,Heshun
左权,Zuoquan
榆社,Yushe
城区,Chengqu
高平市,gaoping
泽州县,Zezhou
沁水县,Qinshui
阳城县,Yangcheng
陵川县,Lingchuan
其他,Other
开发区,Kaifaqu
御东区,Yudong
大同县,Datong
浑源,Hunyuan
左云,Zuoyun
阳高,Yanggao
天镇,Tianzhen
灵丘,Lingqiu
广灵,Guangling
城区,Chengqu
矿区,Danqu
南郊区,Nanjiao
其他,Other
城南,Chengnan
城北,Chengbei
城西,Chengxi
城东,Chengdong
城内,Chengnei
经开区,Jingkai
曲江新区,Qujiang
高新,Gaoxin
浐灞,Chanba
长安,Changan
周边区县,Zhoubian
宝塔区,Pagoda
延长县,Yanchang
延川县,Yanchuan
子长县,Zichang
安塞县,Ansai
志丹县,Zhidan
吴起县,Wuqi
甘泉县,Ganquan
富县,Fuxian
洛川县,Luochuan
宜川县,Yichuan
黄龙县,Huanglong
黄陵县,Huangling
秦都,Qindu
渭城,Weicheng
兴平,Xingping
三原,Sanyuan
泾阳,Jingyang
乾县,Qianxian
礼泉,Liquan
永寿,Yongshou
彬县,Binxian
长武,Changwu
旬邑,Xunyi
淳化,Chunhua
武功,Wugong
白水县,Baishui
澄城县,Chengcheng
大荔县,Dali
富平县,Fuping
韩城市,Hancheng
合阳县,Heyang
华县,Hua
华阴市,Huayin
临渭区,Linwei
蒲城县,Pucheng
潼关县,Tongguan
高新区,Gaoxin
经开区,Jingkai
印台区,Yintai
耀州区,Yaozhou
宜君县,Yijun
王益区,Wangyi
新区,Xinqu
铜川周边,Perimeter of Tongchuan
汉台,Hantai
南郑,Nanzheng
城固,Chenggu
洋县,Yangxian
西乡,Xixiang
勉县,Mianxian
宁强,Ningqiang
略阳,lueyang
镇巴,Zhenba
留坝,Liuba
佛坪,Foping
经济开发区,economic development zone
其他,Other
经济开发南区,Nanqu of economic development
渭滨区,Weibin
金台区,Jintai
陈仓区,Chencang
凤翔县,Fengxiang
岐山县,Qishan
扶风县,Fufeng
千阳县,Qianyang
陇县,Longxian
凤县,Fengxian
麟游县,Linyou
太白县,Taibai
眉县,Meixian
高新区,Gaoxin
其他,Other
汉滨区,Hanbin
汉阴县,Hanyin
石泉县,Shiquan
宁陕县,Ningshan
紫阳县,Ziyang
平利县,Pingli
岚皋县,Langao
镇坪县,Zhenping
旬阳县,Xunyang
白河县,Baihe
榆阳区,Yuyang
佳县,Jia
神木县,Shenmu
府谷县,Fugu
横山县,Hengshan
靖边县,Jingbian
定边县,Dingbian
绥德县,Suide
米脂县,Mizhi
吴堡县,Wubao
清涧县,Qingjian
子洲县,Zizhou
商州区,Shangzhou
洛南县,Luonan
丹凤县,Danfeng
商南县,Shang Nan
山阳县,Shanyang
镇安县,Zhenan
柞水县,Zhashui
天府新区,Tianfu
眉山,Meishan
川音,Sichuan sound
高新区,Gaoxin
武侯,Wuhou
锦江,Jinjiang
青羊,Qingyang
成华,Chenghua
金牛,Taurus
高新西区,Gaoxin
温江,Wenjiang
龙泉,Longquan
双流,Shuangliu
郫县,Pixian
新都,Xindu
成都周边,Perimeter of Chengdu
自流井区,ziliujing
贡井区,Gongjing
大安区,Da'an
沿滩区,Yantan
荣县,Rongxian
富顺县,Fushun
雁江区,yanjiang
安岳县,Anyue
乐至县,Lezhi
翠屏,Cuiping
长宁,Changning
高县,Gao
珙县,Gongxian
江安,Jiang'an
筠连,Junlian
南溪,Nanxi
屏山,Pingshan
全宜宾,Yibin
兴文,Xingwen
宜宾,Yibin
雨城区,Yucheng
名山县,Mingshan
荥经县,Xingjing
汉源县,Hanyuan
石棉县,Asbestos
天全县,Tianquan
芦山县,Lushan
宝兴县,Baoxing
船山区,Shipshan
安居区,anju
蓬溪县,Pengxi
射洪县,Shehong
大英县,Daying
东区,Dongqu
西区,Xiqu
仁和区,Renhe
米易县,Miyi
盐边县,Yanbian
市中区,Shizhong
东兴区,dongxing
资中县,Zizhong
隆昌县,Longchang
威远县,Weiyuan
顺庆区,Shunqing
高坪区,Gaoping
嘉陵区,jialing
南部县,Southern
营山县,Yingshan
蓬安县,Pengan
仪陇县,Yilong
西充县,Xicheng
阆中市,Langzhong
涪城区,fucheng
游仙区,Youxian
三台县,Three counties
盐亭县,Yanting
安县,An
梓潼县,Zitong
北川县,Beichuan
平武县,Pingwu
江油市,Jiangyou
高新区,Gaoxin
科创园区,Ke Chuang Park
经开区,Jingkai
农科区,Agro
仙海区,Xian Hai
东坡,East Slope
洪雅,Hongya
仁寿,Renshou
丹棱,danling
彭山,Pengshan
青神,Qingshen
眉山周边,Perimeter of Meishan
其他,Other
江阳,Jiangyang
纳溪,Naxi
龙马潭,Longmatan
泸县,Luxian
合江,Hejiang
叙永,Xuyong
古蔺,Gulin
西昌市,Xichang
木里藏族自治县,Muli Tibetan Autonomous
盐源县,Yanyuan
德昌县,Dechang
会理县,Huili
会东县,Huidong
宁南县,Ningnan
普格县,Pug
布拖县,Butuo
金阳县,Jinyang
昭觉县,Zhaojue
喜德县,Xide
冕宁县,Mianning
越西县,Yuexi
雷波县,Leibo
甘洛县,Ganluo
美姑县,Meigu
市中,Shizhong
沙湾,Shawan
五通桥,Wutongqiao
金口河,Jinchihe
峨眉山市,Emeishan
犍为县,Qianwei
井研县,Jingyan
利州区,Lezhou
昭化区,Zhaohua
朝天区,chaotian
苍溪县,Cangxi
青川县,Qingchuan
旺苍县,Wangcang
剑阁县,Jiange
广安区,Guang'an
岳池县,Yuechi
武胜县,Wusheng
邻水县,Neighborhood
华蓥市,Huaying
前锋区,Forward area
旌阳区,Jingyang
中江县,Zhongjiang
广汉市,Guanghan
什邡市,Shifang
绵竹市,Mianzhu
罗江县,Luojiang
通川区,Tongchuan
达川区,Dachuan
宣汉县,Xuanhan
开江县,Kaijiang
大竹县,Dazhu
渠县,Quxian
万源市,wanyuan
巴州区,bazhou
巴州区,bazhou
兴文新区,Xingwen
恩阳区,Enyang
南江县,Nanjiang
平昌县,Pingchang
通江县,Tongjiang
城关,Chengguan
达孜,Dazi
当雄,Male
堆龙德庆,Piled dragon de celebration
林周,Linzhou
墨竹工卡,Mo bamboo industry card
尼木,Nei
曲水,Qushui
柳梧新区,Liuwu
东城新区,Dongcheng
次角林新区,Sub - Jiao Lin
其他,Other
天山区,Tianshan
沙依巴克区,Saybagh
新市区,New urban area
水磨沟区,shuimogou
开发区,Kaifaqu
高铁新区,Gaotie
会展中心,Convention and Exhibition Center
米东区,Midong
头屯河区,Toutunhe
达坂城区,Dabancheng
乌鲁木齐县,Urumqi
乌鲁木齐周边,Perimeter of Urumqi
伊宁市,Yining
奎屯市,Kuitun
伊宁县,Yining
尼勒克,Nilka
霍城县,Huocheng
昭苏县,Zhaosu
巩留县,Gongliu
特克斯县,Turks
新源县,Xinyuan
察布查尔县,Qapqal
喀什市,Kashi
疏附县,Shufu
疏勒县,Shule
英吉沙县,Shaxian
泽普县,Zip
莎车县,Shache
叶城县,Yecheng
麦盖提县,Mengaiti
岳普湖县,Yuepuhu
伽师县,Jiashi
巴楚县,Bachu
塔什库尔干县,Tower
哈密市,Hami
伊吾县,Yiwu
巴里坤哈萨克自治县,Kazakhstan Autonomous
昌吉市,Changji
呼图壁,Hutubi
吉木萨尔,Jimsar
玛纳斯,manas
木垒,Mori
奇台,Qitai
阜康,Fukang
其他,Other
库尔勒,Korla
轮台,Luntai
尉犁,Yuli
焉耆,Yanqi
和静,Hejing
若羌,Ruoqiang
博湖,Bohu
和硕,Harmony
且末,Qiemo
巴州周边,Perimeter of Bazhou
东城,Dongcheng
红山,Hongshan
老街,Laojie
向阳,Xiangyang
新城,Xingcheng
北泉,Beiquan
石河子乡,Shiheziship
石河子周边,Perimeter of Shihezi
阿克苏市,Akesu
阿瓦提,Awati
拜城,Baicheng
柯坪,Keping
库车,Kuqa
沙雅,Shaya
温宿,Wensu
乌什,Wushi
新和,Xinhe
其他,Other
和田县,Hetian
和田市,Hetian
墨玉县,Moyu
皮山县,Pishan
洛浦县,Luopu
策勒县,Qira
于田县,Yutian
民丰县,Minfeng
阿勒泰市,Aletai
布尔津县,Buerjin
富蕴县,Fuyun
福海县,Fuhai
哈巴河县,Habahe
青河县,Qinggil
吉木乃县,Jimunai
盘龙区,Panlong
官渡区,Guandu
五华区,Wuhua
西山区,Xishan
呈贡,Chenggong
安宁,Anning
昆明周边,Perimeter of Kunming
昭阳区,Zhaoyang
鲁甸县,Ludian
巧家县,Qiaojia
盐津县,Yanjin
大关县,Daguan
永善县,Yongshan
绥江县,Suijiang
镇雄县,Zhenxiong
彝良县,Yiliang
威信县,Weixin
水富县,Shuifu
红塔区,Hongta
江川县,Jiangchuan
澄江县,Chengjiang
通海县,Tonghai
华宁县,Huin
易门县,Yimen
峨山彝族自治县,The Yi Nationality Autonomous of theshan
新平彝族傣族自治县,Xinping Yi and Dai Autonomous
元江县,Yuanjiang
景洪,Jinghong
勐海,Menghai
勐腊,Mengla
西双版纳周边,Perimeter of Xishuangbanna
富宁县,Fu Ning
文山县,Wenshan
砚山县,Yanshan
广南县,Guangnan
马关县,Maguan
丘北县,Qiubei
西畴县,Xichou
麻栗坡县,Malipo
麒麟区,Qilin
沾益县,Zhanyi
宣威市,xuanwei
会泽县,Huize
富源县,Fuyuan
陆良县,Luliang
师宗县,Shizong
罗平县,Luoping
马龙县,Malone
思茅区,Simao
宁洱哈尼族彝族自治县,Ning'er
墨江哈尼族自治县,Mojiang Hani Autonomous
景东彝族自治县,Jingdong Yi Autonomous
景谷傣族彝族自治县,Jinggu
镇沅彝族哈尼族拉祜族,The Hani ethnic Lahu nationality of the Yi people of Zhenyuan
江城哈尼族彝族自治县,Jiangcheng Hani Yi Autonomous
孟连傣族拉祜族佤族自,The Dai nationality of Lahu nationality of the Dai nationality of Meng Lian
澜沧拉祜族自治县,Lancang Lahu Nationality Autonomous
西盟佤族自治县,Ximeng Vazu Zizhixian
临翔区,Linxiang
凤庆县,Fengqing
云县,Yun
永德县,Yongde
镇康县,Zhenkang
双江拉祜族佤族布朗族,The Brown nationality of the two Jiang Lahu nationality Wa Nationality
耿马傣族佤族自治县,Dai nationality and Wa Nationality Autonomous in Gengma
沧源佤族自治县,Cangyuan Wa Autonomous
个旧市,Gejiu
开远市,Kaiyuan
蒙自县,Mengzi
屏边苗族自治县,Pingbian Miao Autonomous
建水县,Jianshui
石屏县,Shiping
弥勒县,Maitreya
泸西县,Luxi
元阳县,Yuanyang
红河县,Honghe
金平苗族瑶族傣族自治,The autonomy of the Yao Dai nationality of the Miao nationality of Jinping
绿春县,Luchun
河口瑶族自治县,Estuarine Yao Autonomous
大理市,Dali
祥云县,Xiangyun
弥渡县,Midu
宾川县,Binchuan
永平县,Yongping
云龙县,Yunlong
洱源县,Eryuan
剑川县,Jianchuan
鹤庆县,Heqing
漾濞彝族自治县,Yangbi
巍山彝族回族自治县,Weishan Yi ethnic Hui Autonomous
南涧彝族自治县,Nanjian Yi Autonomous
楚雄市,Chuxiong
保山,Baoshan
隆阳区,Longyang
施甸县,Shidian
腾冲县,Tengchong
龙陵县,Longling
昌宁县,Changning
古城区,Gaocheng
玉龙县,Yulong
永胜县,Yongsheng
宁蒗县,ninglang
华坪县,Huaping
芒市,Mango
潞西,Luxi
瑞丽,Ruili
陇川,Longchuan
梁河,Lianghe
盈江,Yingjiang
德宏周边,Perimeter of Dehong
香格里拉,Shangri-La
德钦,Deqin
维西傈,Weixilisi
迪庆周边,Perimeter of Diqing
泸水,Lushui
碧江,Bijiang
福贡,Fugong
贡山,Gongshan
兰坪县,Lanping
怒江周边,The periphery of the Nu River
西湖,Xihe
拱墅,Gongshu
宁波,Ningbo
下城,Xiacheng
上城,Shangcheng
江干,Jianggan
滨江,Binjiang
余杭,Yuhang
萧山,Xiaoshan
临安,Ling'an
建德,Jiande
淳安,Chunan
富阳,Fuyang
桐庐,Tonglu
湖州,Huzhou
嘉兴,Jiaxing
绍兴,Shaoxing
衢州,Quzhou
海曙,Haishu
江东,Jiangdong
江北,Jiangbei
鄞州,Yinzhou
北仑,Beilun
镇海,Zhenhai
余姚,Yuyao
慈溪,Cixi
象山,Xiangshan
奉化,Fenghua
宁海,Ninghai
宁波周边,Perimeter of Ningbo
定海,Dinghai
普陀,Putuo
嵊泗,Shengsi
岱山,Daishan
鹿城,Lucheng
瓯海,Ouhai
龙湾,Longwan
乐清市,Yueqing
瑞安市,Ruian
苍南县,Cangnan
洞头县,Dongtou
平阳县,Pingyang
泰顺县,Taishun
文成县,Wencheng
永嘉县,Yongjia
椒江区,jiaojiang
路桥区,Luqiao
黄岩区,Huangyan
温岭市,Wenling
临海,Near the sea
天台,Rooftop
仙居,divine abode
三门县,Three gate
玉环县,Yuhuan
越城区,Yuecheng
柯桥区,Keqiao
镜湖新区,Jinghu
袍江新区,Paojiang
诸暨市,Zhuji
上虞区,Shangyu
嵊州市,Shengzhou
新昌县,Xinchang
其他,Other
柯城,Kecheng
衢江,Qujiang
江山,Jiangshan
龙游,Longyou
常山,Changshan
开化,Kaihua
莲都,Liandu
缙云,Jinyun
云和,Yunhe
龙泉,Longquan
庆元,Qingyuan
青田,Qingtian
遂昌,Suichang
松阳,Songyang
景宁,Jingning
婺城,Wucheng
金东区,Jindong
义乌,Yiwu
永康,Yongkang
兰溪,Lanxi
东阳,Dongyang
浦江,Pujiang
武义,Wuyi
磐安,Panan
嘉善,Jiashan
南湖新区,Nanhu
秀洲新区,Xiuzhou
中心城区,Central
经济开发区,economic development zone
运河新区,Xinqu of canal
国际商务区,International Business
桐乡,Tongxiang
海宁,Haining
平湖,Pinghu
海盐,Haiyan
其他,Other
吴兴区,Wuxing
南浔区,Nanxun
德清县,Deqing
长兴县,Changxing
安吉县,Anji
其他区县,Others
