NAME_0,NAME_1,NAME_2,NAME_3,Unique,Website
China,Gansu,Jiuquan,Anxi,"Anxi, Jiuquan",https://bj.zufang.leju.com/
China,Fujian,Quanzhou,Anxi,"Anxi, Quanzhou",
China,Chongqing,Chongqing,Ba,"Ba, Chongqing",
China,Hebei,Langfang,Ba,"Ba, Langfang",
China,Xinjiang Uygur,Aksu,Baicheng,"Baicheng, Aksu",
China,Jilin,Baicheng,Baicheng,"Baicheng, Baicheng",
China,Yunnan,Baoshan,Baoshan,"Baoshan, Baoshan",
China,Shanghai,Shanghai,Baoshan,"Baoshan, Shanghai",
China,Heilongjiang,Harbin,Bin,"Bin, Harbin",
China,Shaanxi,Xianyang,Bin,"Bin, Xianyang",
China,Fujian,Fuzhou,Changle,"Changle, Fuzhou",
China,Shandong,Weifang,Changle,"Changle, Weifang",
China,Yunnan,Baoshan,Changning,"Changning, Baoshan",
China,Hunan,Hengyang,Changning,"Changning, Hengyang",
China,Sichuan,Yibin,Changning,"Changning, Yibin",
China,Jiangsu,Changzhou,Changzhou,"Changzhou, Changzhou",
China,Guangxi,Chongzuo,Changzhou,"Changzhou, Chongzuo",
China,Sichuan,Chengdu,Chongqing,"Chongqing, Chengdu",
China,Chongqing,Chongqing,Chongqing,"Chongqing, Chongqing",
China,Yunnan,Dali Bai,Dali,"Dali, Dali Bai",
China,Shaanxi,Weinan,Dali,"Dali, Weinan",
China,Sichuan,Garzê Tibetan,Dawu,"Dawu, Garzê Tibetan",
China,Hubei,Xiaogan,Dawu,"Dawu, Xiaogan",
China,Zhejiang,Huzhou,Deqing,"Deqing, Huzhou",
China,Guangdong,Zhaoqing,Deqing,"Deqing, Zhaoqing",
China,Jiangxi,Fuzhou,Dongxiang,"Dongxiang, Fuzhou",
China,Gansu,Linxia Hui,Dongxiang,"Dongxiang, Linxia Hui",
China,Guangdong,Dongguan,Dongyuan,"Dongyuan, Dongguan",
China,Guangdong,Heyuan,Dongyuan,"Dongyuan, Heyuan",
China,Guangxi,Fangchenggang,Fangcheng,"Fangcheng, Fangchenggang",
China,Henan,Nanyang,Fangcheng,"Fangcheng, Nanyang",
China,Beijing,Beijing,Fangshan,"Fangshan, Beijing",
China,Shanxi,Luliang,Fangshan,"Fangshan, Luliang",
China,Shaanxi,Baoji,Feng,"Feng, Baoji",
China,Jiangsu,Xuzhou,Feng,"Feng, Xuzhou",
China,Liaoning,Dandong,Fengcheng,"Fengcheng, Dandong",
China,Jiangxi,Yichun,Fengcheng,"Fengcheng, Yichun",
China,Hebei,Qinhuangdao,Funing,"Funing, Qinhuangdao",
China,Yunnan,Wenshan Zhuang and Miao,Funing,"Funing, Wenshan Zhuang and Miao",
China,Jiangsu,Yancheng,Funing,"Funing, Yancheng",
China,Hebei,Baoding,Fuping,"Fuping, Baoding",
China,Shaanxi,Weinan,Fuping,"Fuping, Weinan",
China,Shanxi,Linfen,Fushan,"Fushan, Linfen",
China,Shandong,Yantai,Fushan,"Fushan, Yantai",
China,Liaoning,Fushun,Fushun,"Fushun, Fushun",
China,Sichuan,Zigong,Fushun,"Fushun, Zigong",
China,Anhui,Fuyang,Fuyang,"Fuyang, Fuyang",
China,Zhejiang,Hangzhou,Fuyang,"Fuyang, Hangzhou",
China,Heilongjiang,Qiqihar,Fuyu,"Fuyu, Qiqihar",
China,Jilin,Songyuan,Fuyu,"Fuyu, Songyuan",
China,Heilongjiang,Jiamusi,Fuyuan,"Fuyuan, Jiamusi",
China,Yunnan,Qujing,Fuyuan,"Fuyuan, Qujing",
China,Qinghai,Gyêgu Tibetan,Golmud,"Golmud, Gyêgu Tibetan",
China,Qinghai,Haixi Mongol and Tibetan,Golmud,"Golmud, Haixi Mongol and Tibetan",
China,Sichuan,Yibin,Gong,"Gong, Yibin",
China,Henan,Zhengzhou,Gong,"Gong, Zhengzhou",
China,Shandong,Liaocheng,Guan,"Guan, Liaocheng",
China,Sichuan,Ngawa Tibetan and Qiang,Guan,"Guan, Ngawa Tibetan and Qiang",
China,Hebei,Hengshui,Gucheng,"Gucheng, Hengshui",
China,Hubei,Xiangfan,Gucheng,"Gucheng, Xiangfan",
China,Hunan,Chenzhou,Guiyang,"Guiyang, Chenzhou",
China,Guizhou,Guiyang,Guiyang,"Guiyang, Guiyang",
China,Ningxia Hui,Guyuan,Guyuan,"Guyuan, Guyuan",
China,Hebei,Zhangjiakou,Guyuan,"Guyuan, Zhangjiakou",
China,Qinghai,Haibei Tibetan,Haiyan,"Haiyan, Haibei Tibetan",
China,Zhejiang,Jiaxing,Haiyan,"Haiyan, Jiaxing",
China,Anhui,Chaohu,He,"He, Chaohu",
China,Guangxi,Hezhou,He,"He, Hezhou",
China,Hunan,Hengyang,Hengshan,"Hengshan, Hengyang",
China,Shaanxi,Yulin,Hengshan,"Hengshan, Yulin",
China,Guangdong,Jiangmen,Heshan,"Heshan, Jiangmen",
China,Guangxi,Laibin,Heshan,"Heshan, Laibin",
China,Gansu,Linxia Hui,Hezheng,"Hezheng, Linxia Hui",
China,Gansu,Qingyang,Hezheng,"Hezheng, Qingyang",
China,Henan,Anyang,Hua,"Hua, Anyang",
China,Shaanxi,Weinan,Hua,"Hua, Weinan",
China,Guangdong,Huizhou,Huidong,"Huidong, Huizhou",
China,Sichuan,Liangshan Yi,Huidong,"Huidong, Liangshan Yi",
China,Hebei,Hengshui,Ji,"Ji, Hengshui",
China,Shanxi,Linfen,Ji,"Ji, Linfen",
China,Hebei,Shijiazhuang,Ji,"Ji, Shijiazhuang",
China,Tianjin,Tianjin,Ji,"Ji, Tianjin",
China,Henan,Xinxiang,Ji,"Ji, Xinxiang",
China,Jiangxi,Ji'an,Ji'an,"Ji'an, Ji'an",
China,Jilin,Tonghua,Ji'an,"Ji'an, Tonghua",
China,Henan,Pingdingshan,Jia,"Jia, Pingdingshan",
China,Shaanxi,Yulin,Jia,"Jia, Yulin",
China,Shanxi,Luliang,Jiaocheng,"Jiaocheng, Luliang",
China,Fujian,Ningde,Jiaocheng,"Jiaocheng, Ningde",
China,Hebei,Cangzhou,Jiaohe,"Jiaohe, Cangzhou",
China,Jilin,Jilin,Jiaohe,"Jiaohe, Jilin",
China,Anhui,Chuzhou,Jiashan,"Jiashan, Chuzhou",
China,Zhejiang,Jiaxing,Jiashan,"Jiashan, Jiaxing",
China,Gansu,Jinchang,Jinchuan,"Jinchuan, Jinchang",
China,Sichuan,Ngawa Tibetan and Qiang,Jinchuan,"Jinchuan, Ngawa Tibetan and Qiang",
China,Hebei,Hengshui,Jing,"Jing, Hengshui",
China,Hunan,Huaihua,Jing,"Jing, Huaihua",
China,Anhui,Xuancheng,Jing,"Jing, Xuancheng",
China,Sichuan,Liangshan Yi,Jingyang,"Jingyang, Liangshan Yi",
China,Shaanxi,Xianyang,Jingyang,"Jingyang, Xianyang",
China,Gansu,Baiyin,Jingyuan,"Jingyuan, Baiyin",
China,Ningxia Hui,Guyuan,Jingyuan,"Jingyuan, Guyuan",
China,Shandong,Jining,Jining,"Jining, Jining",
China,Nei Mongol,Ulaan Chab,Jining,"Jining, Ulaan Chab",
China,Jiangxi,Fuzhou,Jinxi,"Jinxi, Fuzhou",
China,Liaoning,Huludao,Jinxi,"Jinxi, Huludao",
China,Liaoning,Dalian,Jinzhou,"Jinzhou, Dalian",
China,Liaoning,Jinzhou,Jinzhou,"Jinzhou, Jinzhou",
China,Heilongjiang,Jixi,Jixi,"Jixi, Jixi",
China,Anhui,Xuancheng,Jixi,"Jixi, Xuancheng",
China,Yunnan,Honghe Hani and Yi,Kaiyuan,"Kaiyuan, Honghe Hani and Yi",
China,Liaoning,Tieling,Kaiyuan,"Kaiyuan, Tieling",
China,Hunan,Hengyang,Laiyang,"Laiyang, Hengyang",
China,Shandong,Yantai,Laiyang,"Laiyang, Yantai",
China,Zhejiang,Jinhua,Lanxi,"Lanxi, Jinhua",
China,Heilongjiang,Suihua,Lanxi,"Lanxi, Suihua",
China,Hebei,Baoding,Li,"Li, Baoding",
China,Hunan,Changde,Li,"Li, Changde",
China,Gansu,Longnan,Li,"Li, Longnan",
China,Sichuan,Ngawa Tibetan and Qiang,Li,"Li, Ngawa Tibetan and Qiang",
China,Fujian,Fuzhou,Lianjiang,"Lianjiang, Fuzhou",
China,Guangdong,Zhanjiang,Lianjiang,"Lianjiang, Zhanjiang",
China,Hubei,Enshi Tujia and Miao,Lichuan,"Lichuan, Enshi Tujia and Miao",
China,Jiangxi,Fuzhou,Lichuan,"Lichuan, Fuzhou",
China,Henan,Anyang,Lin,"Lin, Anyang",
China,Shanxi,Luliang,Lin,"Lin, Luliang",
China,Shandong,Dezhou,Ling,"Ling, Dezhou",
China,Hunan,Zhuzhou,Ling,"Ling, Zhuzhou",
China,Guangxi,Guilin,Lingchuan,"Lingchuan, Guilin",
China,Shanxi,Jincheng,Lingchuan,"Lingchuan, Jincheng",
China,Nei Mongol,Chifeng,Linxi,"Linxi, Chifeng",
China,Hebei,Xingtai,Linxi,"Linxi, Xingtai",
China,Shandong,Dezhou,Linyi,"Linyi, Dezhou",
China,Shandong,Linyi,Linyi,"Linyi, Linyi",
China,Shanxi,Yuncheng,Linyi,"Linyi, Yuncheng",
China,Zhejiang,Lishui,Lishui,"Lishui, Lishui",
China,Jiangsu,Nanjing,Lishui,"Lishui, Nanjing",
China,Yunnan,Chuxiong Yi,Lufeng,"Lufeng, Chuxiong Yi",
China,Guangdong,Shanwei,Lufeng,"Lufeng, Shanwei",
China,Jiangsu,Nanjing,Luhe,"Luhe, Nanjing",
China,Guangdong,Shanwei,Luhe,"Luhe, Shanwei",
China,Henan,Pingdingshan,Lushan,"Lushan, Pingdingshan",
China,Sichuan,Ya'an,Lushan,"Lushan, Ya'an",
China,Yunnan,Dehong Dai and Jingpo,Luxi,"Luxi, Dehong Dai and Jingpo",
China,Yunnan,Honghe Hani and Yi,Luxi,"Luxi, Honghe Hani and Yi",
China,Hunan,Xiangxi Tujia and Miao,Luxi,"Luxi, Xiangxi Tujia and Miao",
China,Shaanxi,Baoji,Mei,"Mei, Baoji",
China,Guangdong,Meizhou,Mei,"Mei, Meizhou",
China,Sichuan,Mianyang,Mianyang,"Mianyang, Mianyang",
China,Hubei,Xiantao,Mianyang,"Mianyang, Xiantao",
China,Jiangsu,Nanjing,Nanjing,"Nanjing, Nanjing",
China,Fujian,Zhangzhou,Nanjing,"Nanjing, Zhangzhou",
China,Fujian,Nanping,Nanping,"Nanping, Nanping",
China,Sichuan,Ngawa Tibetan and Qiang,Nanping,"Nanping, Ngawa Tibetan and Qiang",
China,Shandong,Dezhou,Ningjin,"Ningjin, Dezhou",
China,Hebei,Xingtai,Ningjin,"Ningjin, Xingtai",
China,Shanxi,Shuozhou,Pinglu,"Pinglu, Shuozhou",
China,Shanxi,Yuncheng,Pinglu,"Pinglu, Yuncheng",
China,Guangxi,Guigang,Pingnan,"Pingnan, Guigang",
China,Fujian,Ningde,Pingnan,"Pingnan, Ningde",
China,Hebei,Shijiazhuang,Pingshan,"Pingshan, Shijiazhuang",
China,Sichuan,Yibin,Pingshan,"Pingshan, Yibin",
China,Guangxi,Chongzuo,Pingxiang,"Pingxiang, Chongzuo",
China,Jiangxi,Pingxiang,Pingxiang,"Pingxiang, Pingxiang",
China,Hebei,Xingtai,Pingxiang,"Pingxiang, Xingtai",
China,Shandong,Dezhou,Pingyuan,"Pingyuan, Dezhou",
China,Guangdong,Meizhou,Pingyuan,"Pingyuan, Meizhou",
China,Fujian,Nanping,Pucheng,"Pucheng, Nanping",
China,Shaanxi,Weinan,Pucheng,"Pucheng, Weinan",
China,Sichuan,Chengdu,Pujiang,"Pujiang, Chengdu",
China,Zhejiang,Jinhua,Pujiang,"Pujiang, Jinhua",
China,Henan,Hebi,Qi,"Qi, Hebi",
China,Shanxi,Jinzhong,Qi,"Qi, Jinzhong",
China,Henan,Kaifeng,Qi,"Qi, Kaifeng",
China,Jilin,Songyuan,Qian'an,"Qian'an, Songyuan",
China,Hebei,Tangshan,Qian'an,"Qian'an, Tangshan",
China,Chongqing,Chongqing,Qianjiang,"Qianjiang, Chongqing",
China,Hubei,Qianjiang,Qianjiang,"Qianjiang, Qianjiang",
China,Anhui,Anqing,Qianshan,"Qianshan, Anqing",
China,Jiangxi,Shangrao,Qianshan,"Qianshan, Shangrao",
China,Guizhou,Bijie,Qianxi,"Qianxi, Bijie",
China,Hebei,Tangshan,Qianxi,"Qianxi, Tangshan",
China,Hunan,Hengyang,Qidong,"Qidong, Hengyang",
China,Jiangsu,Nantong,Qidong,"Qidong, Nantong",
China,Guangdong,Qingyuan,Qingcheng,"Qingcheng, Qingyuan",
China,Gansu,Tianshui,Qingcheng,"Qingcheng, Tianshui",
China,Guizhou,Qianxinan Buyei and Miao,Qinglong,"Qinglong, Qianxinan Buyei and Miao",
China,Hebei,Qinhuangdao,Qinglong,"Qinglong, Qinhuangdao",
China,Anhui,Chizhou,Qingyang,"Qingyang, Chizhou",
China,Gansu,Qingyang,Qingyang,"Qingyang, Qingyang",
China,Guangxi,Yulin,Rong,"Rong, Yulin",
China,Sichuan,Zigong,Rong,"Rong, Zigong",
China,Hebei,Baoding,Rongcheng,"Rongcheng, Baoding",
China,Guangdong,Jieyang,Rongcheng,"Rongcheng, Jieyang",
China,Fujian,Quanzhou,Sanyuan,"Sanyuan, Quanzhou",
China,Shaanxi,Xianyang,Sanyuan,"Sanyuan, Xianyang",
China,Shandong,Heze,Shan,"Shan, Heze",
China,Henan,Sanmenxia,Shan,"Shan, Sanmenxia",
China,Sichuan,Leshan,Shawan,"Shawan, Leshan",
China,Xinjiang Uygur,Tacheng,Shawan,"Shawan, Tacheng",
China,Hebei,Handan,She,"She, Handan",
China,Anhui,Huangshan,She,"She, Huangshan",
China,Shanghai,Shanghai,Shengsi,"Shengsi, Shanghai",
China,Zhejiang,Shaoxing,Shengsi,"Shengsi, Shaoxing",
China,Sichuan,Guangyuan,Shizhong,"Shizhong, Guangyuan",
China,Sichuan,Leshan,Shizhong,"Shizhong, Leshan",
China,Sichuan,Neijiang,Shizhong,"Shizhong, Neijiang",
China,Hunan,Shaoyang,Suining,"Suining, Shaoyang",
China,Sichuan,Suining,Suining,"Suining, Suining",
China,Jiangsu,Xuzhou,Suining,"Suining, Xuzhou",
China,Anhui,Huaibei,Suixi,"Suixi, Huaibei",
China,Guangdong,Zhanjiang,Suixi,"Suixi, Zhanjiang",
China,Henan,Shangqiu,Suiyang,"Suiyang, Shangqiu",
China,Guizhou,Zunyi,Suiyang,"Suiyang, Zunyi",
China,Gansu,Jiuquan,Suzhou,"Suzhou, Jiuquan",
China,Jiangsu,Suzhou,Suzhou,"Suzhou, Suzhou",
China,Anhui,Fuyang,Taihe,"Taihe, Fuyang",
China,Jiangxi,Ji'an,Taihe,"Taihe, Ji'an",
China,Guangxi,Wuzhou,Teng,"Teng, Wuzhou",
China,Shandong,Zaozhuang,Teng,"Teng, Zaozhuang",
China,Anhui,Anqing,Tongcheng,"Tongcheng, Anqing",
China,Hubei,Xianning,Tongcheng,"Tongcheng, Xianning",
China,Sichuan,Bazhong,Tongjiang,"Tongjiang, Bazhong",
China,Heilongjiang,Jiamusi,Tongjiang,"Tongjiang, Jiamusi",
China,Qinghai,Huangnan Tibetan,Tongren,"Tongren, Huangnan Tibetan",
China,Guizhou,Tongren,Tongren,"Tongren, Tongren",
China,Hubei,Xianning,Tongshan,"Tongshan, Xianning",
China,Jiangsu,Xuzhou,Tongshan,"Tongshan, Xuzhou",
China,Beijing,Beijing,Tongzhou,"Tongzhou, Beijing",
China,Jiangsu,Nantong,Tongzhou,"Tongzhou, Nantong",
China,Hebei,Baoding,Wan,"Wan, Baoding",
China,Chongqing,Chongqing,Wan,"Wan, Chongqing",
China,Hebei,Handan,Wei,"Wei, Handan",
China,Hebei,Xingtai,Wei,"Wei, Xingtai",
China,Gansu,Dingxi,Weiyuan,"Weiyuan, Dingxi",
China,Sichuan,Neijiang,Weiyuan,"Weiyuan, Neijiang",
China,Henan,Jiaozuo,Wen,"Wen, Jiaozuo",
China,Gansu,Longnan,Wen,"Wen, Longnan",
China,Heilongjiang,Harbin,Wuchang,"Wuchang, Harbin",
China,Hubei,Wuhan,Wuchang,"Wuchang, Wuhan",
China,Nei Mongol,Hohhot,Wuchuan,"Wuchuan, Hohhot",
China,Guangdong,Zhanjiang,Wuchuan,"Wuchuan, Zhanjiang",
China,Henan,Pingdingshan,Wugang,"Wugang, Pingdingshan",
China,Hunan,Shaoyang,Wugang,"Wugang, Shaoyang",
China,Chongqing,Chongqing,Wushan,"Wushan, Chongqing",
China,Gansu,Tianshui,Wushan,"Wushan, Tianshui",
China,Anhui,Chaohu,Wuwei,"Wuwei, Chaohu",
China,Gansu,Wuwei,Wuwei,"Wuwei, Wuwei",
China,Chongqing,Chongqing,Wuxi,"Wuxi, Chongqing",
China,Jiangsu,Wuxi,Wuxi,"Wuxi, Wuxi",
China,Hebei,Hengshui,Wuyi,"Wuyi, Hengshui",
China,Zhejiang,Jinhua,Wuyi,"Wuyi, Jinhua",
China,Nei Mongol,Baynnur,Wuyuan,"Wuyuan, Baynnur",
China,Jiangxi,Shangrao,Wuyuan,"Wuyuan, Shangrao",
China,Shanxi,Linfen,Xi,"Xi, Linfen",
China,Henan,Xinyang,Xi,"Xi, Xinyang",
China,Sichuan,Garzê Tibetan,Xiangcheng,"Xiangcheng, Garzê Tibetan",
China,Henan,Xuchang,Xiangcheng,"Xiangcheng, Xuchang",
China,Henan,Zhoukou,Xiangcheng,"Xiangcheng, Zhoukou",
China,Guizhou,Guiyang,Xifeng,"Xifeng, Guiyang",
China,Gansu,Qingyang,Xifeng,"Xifeng, Qingyang",
China,Liaoning,Tieling,Xifeng,"Xifeng, Tieling",
China,Hebei,Baoding,Xincheng,"Xincheng, Baoding",
China,Guangxi,Laibin,Xincheng,"Xincheng, Laibin",
China,Shaanxi,Xi'an,Xincheng,"Xincheng, Xi'an",
China,Jiangxi,Ganzhou,Xinfeng,"Xinfeng, Ganzhou",
China,Guangdong,Shaoguan,Xinfeng,"Xinfeng, Shaoguan",
China,Jiangxi,Ji'an,Xingan,"Xingan, Ji'an",
China,Jiangxi,Nanchang,Xingan,"Xingan, Nanchang",
China,Sichuan,Chengdu,Xinjin,"Xinjin, Chengdu",
China,Liaoning,Dalian,Xinjin,"Xinjin, Dalian",
China,Guangdong,Maoming,Xinyi,"Xinyi, Maoming",
China,Jiangsu,Xuzhou,Xinyi,"Xinyi, Xuzhou",
China,Yunnan,Kunming,Xishan,"Xishan, Kunming",
China,Jiangsu,Wuxi,Xishan,"Xishan, Wuxi",
China,Hubei,Huanggang,Xishui,"Xishui, Huanggang",
China,Guizhou,Zunyi,Xishui,"Xishui, Zunyi",
China,Zhejiang,Jiaxing,Xiuzhou,"Xiuzhou, Jiaxing",
China,Zhejiang,Ningbo,Xiuzhou,"Xiuzhou, Ningbo",
China,Shandong,Binzhou,Yangxin,"Yangxin, Binzhou",
China,Hubei,Huangshi,Yangxin,"Yangxin, Huangshi",
China,Henan,Xinxiang,Yanjin,"Yanjin, Xinxiang",
China,Yunnan,Zhaotong,Yanjin,"Yanjin, Zhaotong",
China,Hebei,Cangzhou,Yanshan,"Yanshan, Cangzhou",
China,Guangxi,Hechi,Yanshan,"Yanshan, Hechi",
China,Yunnan,Wenshan Zhuang and Miao,Yanshan,"Yanshan, Wenshan Zhuang and Miao",
China,Hebei,Baoding,Yi,"Yi, Baoding",
China,Anhui,Huangshan,Yi,"Yi, Huangshan",
China,Liaoning,Jinzhou,Yi,"Yi, Jinzhou",
China,Shanxi,Linfen,Yicheng,"Yicheng, Linfen",
China,Hubei,Xiangfan,Yicheng,"Yicheng, Xiangfan",
China,Henan,Luoyang,Yichuan,"Yichuan, Luoyang",
China,Shaanxi,Yan'an,Yichuan,"Yichuan, Yan'an",
China,Heilongjiang,Yichun,Yichun,"Yichun, Yichun, Heilongjiang",
China,Jiangxi,Yichun,Yichun,"Yichun, Yichun, Jiangxi",
China,Yunnan,Kunming,Yiliang,"Yiliang, Kunming",
China,Yunnan,Zhaotong,Yiliang,"Yiliang, Zhaotong",
China,Hubei,Huanggang,Yingshan,"Yingshan, Huanggang",
China,Sichuan,Nanchong,Yingshan,"Yingshan, Nanchong",
China,Hubei,Suizhou Shi,Yingshan,"Yingshan, Suizhou Shi",
China,Xinjiang Uygur,Hami,Yiwu,"Yiwu, Hami",
China,Zhejiang,Jinhua,Yiwu,"Yiwu, Jinhua",
China,Henan,Luoyang,Yiyang,"Yiyang, Luoyang",
China,Jiangxi,Shangrao,Yiyang,"Yiyang, Shangrao",
China,Jilin,Jilin,Yongji,"Yongji, Jilin",
China,Shanxi,Yuncheng,Yongji,"Yongji, Yuncheng",
China,Guangxi,Nanning,Yongning,"Yongning, Nanning",
China,Ningxia Hui,Yinchuan,Yongning,"Yongning, Yinchuan",
China,Henan,Xuchang,Yu,"Yu, Xuchang",
China,Shanxi,Yangquan,Yu,"Yu, Yangquan",
China,Hebei,Zhangjiakou,Yu,"Yu, Zhangjiakou",
China,Yunnan,Honghe Hani and Yi,Yuanyang,"Yuanyang, Honghe Hani and Yi",
China,Henan,Xinxiang,Yuanyang,"Yuanyang, Xinxiang",
China,Shandong,Heze,Yucheng,"Yucheng, Heze",
China,Henan,Shangqiu,Yucheng,"Yucheng, Shangqiu",
China,Anhui,Anqing,Yuexi,"Yuexi, Anqing",
China,Sichuan,Liangshan Yi,Yuexi,"Yuexi, Liangshan Yi",
China,Yunnan,Lincang,Yun,"Yun, Lincang",
China,Hubei,Shiyan,Yun,"Yun, Shiyan",
China,Shandong,Dezhou,Yuncheng,"Yuncheng, Dezhou",
China,Shanxi,Yuncheng,Yuncheng,"Yuncheng, Yuncheng",
China,Guangdong,Yunfu,Yuncheng,"Yuncheng, Yunfu",
China,Jilin,Changchun,Yushu,"Yushu, Changchun",
China,Qinghai,Gyêgu Tibetan,Yushu,"Yushu, Gyêgu Tibetan",
China,Xinjiang Uygur,Khotan,Yutian,"Yutian, Khotan",
China,Hebei,Tangshan,Yutian,"Yutian, Tangshan",
China,Heilongjiang,Daqing,Zhaoyuan,"Zhaoyuan, Daqing",
China,Shandong,Yantai,Zhaoyuan,"Zhaoyuan, Yantai",
China,Guangdong,Zhanjiang,Zhenjiang,"Zhenjiang, Zhanjiang",
China,Jiangsu,Zhenjiang,Zhenjiang,"Zhenjiang, Zhenjiang",
China,Shaanxi,Ankang,Zhenping,"Zhenping, Ankang",
China,Henan,Nanyang,Zhenping,"Zhenping, Nanyang",
China,Guizhou,Qiandongnan Miao and Dong,Zhenyuan,"Zhenyuan, Qiandongnan Miao and Dong",
China,Gansu,Qingyang,Zhenyuan,"Zhenyuan, Qingyang",
China,Guangxi,Hezhou,Zhongshan,"Zhongshan, Hezhou",
China,Guizhou,Liupanshui,Zhongshan,"Zhongshan, Liupanshui",
China,Guangdong,Zhongshan,Zhongshan,"Zhongshan, Zhongshan",
China,Shaanxi,Ankang,Ziyang,"Ziyang, Ankang",
China,Sichuan,Ziyang,Ziyang,"Ziyang, Ziyang",
China,Nei Mongol,Xilin Gol,Abag,,
China,Nei Mongol,Wuhai,Wuhai,,
China,Nei Mongol,Ulaan Chab,Zhuozi,,
China,Nei Mongol,Ulaan Chab,Xinghe,,
China,Yunnan,Wenshan Zhuang and Miao,Malipo,,
China,Nei Mongol,Ulaan Chab,Siziwang,,
China,Yunnan,Wenshan Zhuang and Miao,Maguan,,
China,Nei Mongol,Ulaan Chab,Shangdu,,
China,Yunnan,Wenshan Zhuang and Miao,Guangnan,,
China,Nei Mongol,Ulaan Chab,Qahar Youyi Zhongqi,,
China,Nei Mongol,Ulaan Chab,Qahar Youyi Qianqi,,
China,Yunnan,Qujing,Zhanyi,,
China,Nei Mongol,Ulaan Chab,Qahar Youyi Houqi,,
China,Yunnan,Qujing,Xuanwei,,
China,Nei Mongol,Ulaan Chab,Liangcheng,,
China,Yunnan,Qujing,Shizong,,
China,Yunnan,Wenshan Zhuang and Miao,Xichou,,
China,Yunnan,Wenshan Zhuang and Miao,Wenshan,,
China,Yunnan,Wenshan Zhuang and Miao,Qiubei,,
China,Nei Mongol,Xilin Gol,West Ujimqin,,
China,Yunnan,Yuxi,Yimen,,
China,Nei Mongol,Xilin Gol,Taibus,,
China,Nei Mongol,Xilin Gol,Sonid Right,,
China,Nei Mongol,Xilin Gol,Sonid Left,,
China,Yunnan,Yuxi,Jiangchuan,,
China,Nei Mongol,Xilin Gol,Plain Blue,,
China,Yunnan,Yuxi,Huaning,,
China,Anhui,Anqing,Anqing,,
China,Nei Mongol,Xilin Gol,Plain and Bordered White,,
China,Yunnan,Yuxi,Eshan Yi,,
China,Anhui,Anqing,Huaining,,
China,Nei Mongol,Xilin Gol,Erenhot,,
China,Yunnan,Yuxi,Chengjiang,,
China,Nei Mongol,Xilin Gol,Duolun,,
China,Yunnan,Xishuangbanna Dai,Mengla,,
China,Anhui,Anqing,Susong,,
China,Nei Mongol,Xilin Gol,Dong Ujimqin,,
China,Yunnan,Xishuangbanna Dai,Menghai,,
China,Anhui,Anqing,Taihu,,
China,Nei Mongol,Xilin Gol,Bordered Yellow,,
China,Yunnan,Xishuangbanna Dai,Jinghong,,
China,Nei Mongol,Xilin Gol,Abagnar Qi,,
China,Anhui,Anqing,Wangjiang,,
China,Yunnan,Yuxi,Xinping Yi and Dai,,
China,Yunnan,Yuxi,Tonghai,,
China,Hubei,Yichang,Wufeng Tujia,,
China,Ningxia Hui,Shizuishan,Huinong,,
China,Yunnan,Zhaotong,Yongshan,,
China,Ningxia Hui,Guyuan,Xiji,,
China,Ningxia Hui,Guyuan,Pengyang,,
China,Ningxia Hui,Guyuan,Longde,,
China,Yunnan,Zhaotong,Weixi Lisu,,
China,Yunnan,Zhaotong,Suijiang,,
China,Yunnan,Zhaotong,Shuifu,,
China,Nei Mongol,Xing'an,Ulan Hot,,
China,Yunnan,Zhaotong,Qiaojia,,
China,Nei Mongol,Xing'an,Tuquan,,
China,Yunnan,Zhaotong,Ludian,,
China,Nei Mongol,Xing'an,Jalaid,,
China,Yunnan,Zhaotong,Daguan,,
China,Nei Mongol,Xing'an,Horqin Right Middle,,
China,Yunnan,Yuxi,Yuxi,,
China,Nei Mongol,Xing'an,Horqin Right Front,,
China,Yunnan,Yuxi,"Yuanjiang Hani, Yi and Dai",,
China,Hunan,Changde,Jinshi,,
China,Ningxia Hui,Yinchuan,Yinchuan,,
China,Zhejiang,Huzhou,Anji,,
China,Hunan,Changde,Hanshou,,
China,Ningxia Hui,Yinchuan,Lingwu,,
China,Zhejiang,Hangzhou,Yuhang,,
China,Ningxia Hui,Yinchuan,Helan,,
China,Zhejiang,Hangzhou,Xiaoshan,,
China,Ningxia Hui,Wuzhong,Yanchi,,
China,Ningxia Hui,Wuzhong,Wuzhong,,
China,Ningxia Hui,Wuzhong,Tongxin,,
China,Hunan,Changde,Anxiang,,
China,Zhejiang,Hangzhou,Tonglu,,
China,Hubei,Yichang,Zigui,,
China,Zhejiang,Hangzhou,Lin'an,,
China,Hubei,Yichang,Zhijiang,,
China,Zhejiang,Hangzhou,Jiande,,
China,Hubei,Yichang,Yuan'an,,
China,Ningxia Hui,Wuzhong,Qingtongxia,,
China,Zhejiang,Hangzhou,Hangzhou,,
China,Hubei,Yichang,Yiling,,
China,Ningxia Hui,Shizuishan,Taole,,
China,Hubei,Yichang,Yidu,,
China,Ningxia Hui,Shizuishan,Shizuishan Shì,,
China,Zhejiang,Hangzhou,Chun'an,,
China,Hubei,Yichang,Yichang,,
China,Ningxia Hui,Shizuishan,Shizuishan Qū,,
China,Yunnan,Zhaotong,Zhenxiong,,
China,Hubei,Yichang,Xingshan,,
China,Ningxia Hui,Shizuishan,Pingluo,,
China,Yunnan,Zhaotong,Zhaotong,,
China,Hunan,Changde,Dingcheng,,
China,Hunan,Chenzhou,Anren,,
China,Zhejiang,Jinhua,Dongyang,,
China,Hunan,Changsha,Wangcheng,,
China,Hunan,Changsha,Ningxiang,,
China,Zhejiang,Jiaxing,Tongxiang,,
China,Zhejiang,Jiaxing,Pinghu,,
China,Hunan,Changsha,Liuyang,,
China,Hunan,Changsha,Changsha Xiàn,,
China,Zhejiang,Jiaxing,Jiaxing,,
China,Hunan,Changsha,Changsha Shì,,
China,Hunan,Changde,Wuling,,
China,Hunan,Changde,Taoyuan,,
China,Ningxia Hui,Zhongwei,Zhongwei,,
China,Zhejiang,Jiaxing,Haining,,
China,Hunan,Changde,Shimen,,
China,Ningxia Hui,Zhongwei,Zhongning,,
China,Zhejiang,Huzhou,Huzhou,,
China,Hunan,Changde,Linli,,
China,Ningxia Hui,Zhongwei,Haiyuan,,
China,Zhejiang,Huzhou,Changxing,,
China,Hunan,Chenzhou,Zixing,,
China,Zhejiang,Lishui,Jinyun,,
China,Hunan,Chenzhou,Yongxing,,
China,Zhejiang,Lishui,Jingning She,,
China,Hunan,Chenzhou,Yizhang,,
China,Zhejiang,Jinhua,Yongkang,,
China,Hunan,Chenzhou,Rucheng,,
China,Hunan,Chenzhou,Linwu,,
China,Hunan,Chenzhou,Jiahe,,
China,Zhejiang,Jinhua,Pan'an,,
China,Hunan,Chenzhou,Guidong,,
China,Hebei,Chengde,Kuancheng Manchu,,
China,Hunan,Chenzhou,Chenzhou,,
China,Zhejiang,Jinhua,Jinhua Xiàn,,
China,Hebei,Chengde,Longhua,,
China,Hunan,Chenzhou,Chen,,
China,Zhejiang,Jinhua,Jinhua Shì,,
China,Hebei,Chengde,Luanping,,
China,Hebei,Chengde,Pingquan,,
China,Hebei,Chengde,Weichang Manchu and Mongol,,
China,Hebei,Chengde,Xinglong,,
China,Hebei,Chengde,Yingshouyingzikuang,,
China,Hebei,Handan,Cheng'an,,
China,Hebei,Handan,Ci,,
China,Hebei,Handan,Daming,,
China,Hunan,Huaihua,Huaihua,,
China,Zhejiang,Ningbo,Xiangshan,,
China,Hunan,Huaihua,Hóngjiāng Shì,,
China,Zhejiang,Ningbo,Ninghai,,
China,Hunan,Huaihua,Hóngjiāng Qū,,
China,Zhejiang,Ningbo,Longwan,,
China,Hunan,Huaihua,Chenxi,,
China,Zhejiang,Ningbo,Fenghua,,
China,Zhejiang,Ningbo,Cixi,,
China,Zhejiang,Lishui,Yunhe,,
China,Hunan,Hengyang,Hengyang Xiàn,,
China,Zhejiang,Lishui,Suichang,,
China,Hunan,Hengyang,Hengyang Shì,,
China,Zhejiang,Lishui,Songyang,,
China,Hebei,Handan,Feixiang,,
China,Zhejiang,Lishui,Qingyuan,,
China,Hebei,Handan,Fengfengkuang,,
China,Hunan,Hengyang,Hengnan,,
China,Zhejiang,Lishui,Qingtian,,
China,Hebei,Handan,Guangping,,
China,Hunan,Hengyang,Hengdong,,
China,Zhejiang,Lishui,Longquan,,
China,Hebei,Handan,Guantao,,
China,Hebei,Handan,Handan shì,,
China,Hebei,Handan,Handan Xiàn,,
China,Hebei,Handan,Jize,,
China,Hebei,Handan,Linzhang,,
China,Hebei,Handan,Qiu,,
China,Hebei,Handan,Quzhou,,
China,Hunan,Loudi,Loudi,,
China,Zhejiang,Shaoxing,Shaoxing,,
China,Hunan,Loudi,Lianyuan,,
China,Zhejiang,Shaoxing,Shangyu,,
China,Hunan,Loudi,Lengshuijang,,
China,Zhejiang,Quzhou,Quzhou Xiàn,,
China,Hunan,Huaihua,Zhijiang Dong Dongzu,,
China,Zhejiang,Quzhou,Quzhou Shì,,
China,Hunan,Huaihua,Yuanling,,
China,Zhejiang,Quzhou,Longyou,,
China,Hunan,Huaihua,Xupu,,
China,Zhejiang,Quzhou,Kaihua,,
China,Zhejiang,Quzhou,Jiangshan,,
China,Hunan,Huaihua,Xinhuang Dong Dongzu,,
China,Hunan,Huaihua,Tongdao Dong,,
China,Zhejiang,Quzhou,Changshan,,
China,Hunan,Huaihua,Mayang Miao,,
China,Zhejiang,Ningbo,Zhenhai,,
China,Hebei,Handan,Wu'an,,
China,Zhejiang,Ningbo,Yuyao,,
China,Hebei,Handan,Yongnian,,
China,Hunan,Huaihua,Huitong,,
China,Hebei,Hengshui,Anping,,
China,Hebei,Hengshui,Fucheng,,
China,Hebei,Hengshui,Hengshui,,
China,Zhejiang,Taizhou,Yuhuan,,
China,Zhejiang,Taizhou,Xianju,,
China,Hunan,Shaoyang,Shaoyang Xiàn,,
China,Zhejiang,Taizhou,Wenling,,
China,Hunan,Shaoyang,Shaoyang Shì,,
China,Zhejiang,Taizhou,Tiantai,,
China,Hunan,Shaoyang,Shaodong,,
China,Zhejiang,Taizhou,Sanmen,,
China,Hunan,Shaoyang,Longhui,,
China,Zhejiang,Taizhou,Linhai,,
China,Hunan,Shaoyang,Dongkou,,
China,Zhejiang,Taizhou,Huangyan,,
China,Zhejiang,Shaoxing,Zhuji,,
China,Hebei,Hengshui,Raoyang,,
China,Hebei,Hengshui,Shen,,
China,Hunan,Shaoyang,Daxiang,,
China,Hebei,Hengshui,Wuqiang,,
China,Hunan,Shaoyang,Chengbu Miao,,
China,Zhejiang,Shaoxing,Xinchang,,
China,Hunan,Loudi,Xinhua,,
China,Hebei,Hengshui,Zaoqiang,,
China,Hunan,Loudi,Shuangfeng,,
China,Zhejiang,Shaoxing,Shaoxing Xiàn,,
China,Hebei,Langfang,Dachang Hui,,
China,Hebei,Langfang,Daicheng,,
China,Hebei,Langfang,Gu'an,,
China,Hebei,Langfang,Longfang,,
China,Hunan,Xiangxi Tujia and Miao,Jishou,,
China,Hunan,Xiangxi Tujia and Miao,Huayuan,,
China,Hunan,Xiangxi Tujia and Miao,Guzhang,,
China,Hunan,Xiangxi Tujia and Miao,Fenghuang,,
China,Hunan,Xiangxi Tujia and Miao,Baojing,,
China,Hunan,Xiangtan,Xiangxiang,,
China,Hunan,Xiangtan,Xiangtan Xiàn,,
China,Hunan,Xiangtan,Xiangtan Shì,,
China,Hebei,Langfang,Sanhe,,
China,Hebei,Langfang,Wen'an,,
China,Hebei,Langfang,Xianghe,,
China,Hebei,Langfang,Yongqing,,
China,Hunan,Xiangtan,Shaoshan,,
China,Hebei,Qinhuangdao,Changli,,
China,Hunan,Shaoyang,Xinshao,,
China,Zhejiang,Wenzhou,Ouhai,,
China,Hunan,Shaoyang,Xinning,,
China,Zhejiang,Wenzhou,Cangnan,,
China,Hebei,Qinhuangdao,Lulong,,
China,Hebei,Qinhuangdao,Qinhuangdao,,
China,Hebei,Shijiazhuang,Gaocheng,,
China,Hunan,Xiangxi Tujia and Miao,Yongshun,,
China,Hunan,Yongzhou,Jianghua Yao,,
China,Hunan,Yongzhou,Dao,,
China,Hunan,Yiyang,Yuanjiang,,
China,Hunan,Yiyang,Yiyang Xiàn,,
China,Hunan,Yiyang,Yiyang Shì,,
China,Hunan,Yiyang,Taojiang,,
China,Hunan,Yiyang,Nan,,
China,Hunan,Yiyang,Anhua,,
China,Hebei,Shijiazhuang,Gaoyi,,
China,Hebei,Shijiazhuang,Huelu,,
China,Hebei,Shijiazhuang,Jingjing,,
China,Hebei,Shijiazhuang,Lingshou,,
China,Hebei,Shijiazhuang,Luancheng,,
China,Hunan,Xiangxi Tujia and Miao,Longshan,,
China,Hebei,Shijiazhuang,Shenze,,
China,Hebei,Shijiazhuang,Shijiazhuang,,
China,Hebei,Shijiazhuang,Shulu,,
China,Hunan,Yongzhou,Lengshuitan,,
China,Hunan,Yongzhou,Lanshan,,
China,Hunan,Yueyang,Miluo,,
China,Hunan,Yueyang,Linxiang,,
China,Hunan,Yueyang,Huarong,,
China,Hunan,Yongzhou,Xintian,,
China,Hunan,Yongzhou,Shuangpai,,
China,Hunan,Yongzhou,Qiyang,,
China,Hunan,Yongzhou,Ningyuan,,
China,Hunan,Yongzhou,Lingling,,
China,Hebei,Shijiazhuang,Wuji,,
China,Hebei,Shijiazhuang,Xingtang,,
China,Hebei,Shijiazhuang,Xinle,,
China,Hebei,Shijiazhuang,Yuanshi,,
China,Hebei,Shijiazhuang,Zanhuang,,
China,Hebei,Shijiazhuang,Zhao,,
China,Hebei,Shijiazhuang,Zhengding,,
China,Hebei,Tangshan,Fengnan,,
China,Hunan,Yongzhou,Jiangyong,,
China,Hebei,Tangshan,Fengrun,,
China,Hebei,Tangshan,Leting,,
China,Hebei,Tangshan,Luan,,
China,Hebei,Tangshan,Luannan,,
China,Hebei,Tangshan,Tanghai,,
China,Hebei,Tangshan,Tangshan,,
China,Hebei,Tangshan,Zunhua,,
China,Hebei,Xingtai,Baixiang,,
China,Hebei,Xingtai,Guangzong,,
China,Hebei,Xingtai,Julu,,
China,Hebei,Xingtai,Lincheng,,
China,Hebei,Xingtai,Longyao,,
China,Gansu,Dingxi,Zhang,,
China,Hebei,Xingtai,Nangong,,
China,Gansu,Gannan Tibetan,Jonê,,
China,Hebei,Xingtai,Nanhe,,
China,Gansu,Gannan Tibetan,Lintan,,
China,Hebei,Xingtai,Neiqiu,,
China,Gansu,Gannan Tibetan,Luqu,,
China,Gansu,Gannan Tibetan,Maqu,,
China,Gansu,Gannan Tibetan,Têwo,,
China,Hebei,Xingtai,Qinghe,,
China,Gansu,Gannan Tibetan,Xiahe,,
China,Gansu,Gannan Tibetan,Zhugqu,,
China,Gansu,Jiayuguan,Jiayuguan,,
China,Hebei,Xingtai,Ren,,
China,Hebei,Xingtai,Shahe,,
China,Hebei,Xingtai,Xingtai shì,,
China,Gansu,Jinchang,Yongchang,,
China,Hebei,Xingtai,Xingtai Xiàn,,
China,Gansu,Jiuquan,Aksai Kazakh,,
China,Hebei,Xingtai,Xinhe,,
China,Hebei,Zhangjiakou,Chicheng,,
China,Gansu,Jiuquan,Dunhuang,,
China,Hebei,Zhangjiakou,Chongli,,
China,Gansu,Jiuquan,Jinta,,
China,Gansu,Jiuquan,Subei Mongol,,
China,Hebei,Zhangjiakou,Huai'an,,
China,Gansu,Jiuquan,Yumen,,
China,Gansu,Lanzhou,Gaolan,,
China,Gansu,Lanzhou,Liangzhou,,
China,Gansu,Lanzhou,Yongdeng,,
China,Gansu,Lanzhou,Yuzhong,,
China,Gansu,Linxia Hui,Guanghe,,
China,Gansu,Linxia Hui,"Jishishan Bonan, Dongxiang and Salar",,
China,Gansu,Linxia Hui,Kangle,,
China,Gansu,Linxia Hui,Linxia,,
China,Gansu,Linxia Hui,Linxia Shi,,
China,Gansu,Linxia Hui,Yongjing,,
China,Gansu,Longnan,Cheng,,
China,Gansu,Longnan,Dangchang,,
China,Gansu,Longnan,Hui,,
China,Gansu,Longnan,Kang,,
China,Gansu,Longnan,Liangdang,,
China,Gansu,Longnan,Wudu,,
China,Gansu,Longnan,Xihe,,
China,Gansu,Pingliang,Chongxin,,
China,Sichuan,Garzê Tibetan,Garzê,,
China,Sichuan,Garzê Tibetan,Dêrong,,
China,Gansu,Pingliang,Huating,,
China,Gansu,Pingliang,Jingchuan,,
China,Gansu,Pingliang,Jingning,,
China,Gansu,Pingliang,Lingtai,,
China,Gansu,Pingliang,Pingliang,,
China,Gansu,Pingliang,Zhuanglang,,
China,Gansu,Qingyang,Huachi,,
China,Gansu,Qingyang,Huan,,
China,Gansu,Qingyang,Ning,,
China,Sichuan,Garzê Tibetan,Dêgê,,
China,Sichuan,Garzê Tibetan,Daocheng,,
China,Sichuan,Garzê Tibetan,Danba,,
China,Sichuan,Garzê Tibetan,Batang,,
China,Sichuan,Garzê Tibetan,Baiyü,,
China,Sichuan,Deyang,Zhongjiang,,
China,Sichuan,Deyang,Shifang,,
China,Sichuan,Garzê Tibetan,Yajiang,,
China,Gansu,Qingyang,Zhengning,,
China,Sichuan,Garzê Tibetan,Jiulong,,
China,Gansu,Tianshui,Gangu,,
China,Gansu,Tianshui,Qin'an,,
China,Gansu,Tianshui,Tianshui,,
China,Gansu,Tianshui,Zhangjiachuan Hui,,
China,Sichuan,Garzê Tibetan,Xinlong,,
China,Sichuan,Garzê Tibetan,Sêrxü,,
China,Sichuan,Garzê Tibetan,Sêrtar,,
China,Sichuan,Garzê Tibetan,Luhuo,,
China,Sichuan,Garzê Tibetan,Luding,,
China,Sichuan,Garzê Tibetan,Litang,,
China,Sichuan,Garzê Tibetan,Kangding,,
China,Gansu,Wuwei,Heshui,,
China,Gansu,Wuwei,Minqin,,
China,Gansu,Wuwei,Tianzhu Tibetan,,
China,Gansu,Zhangye,Gaotai,,
China,Sichuan,Guang'an,Huayun,,
China,Gansu,Zhangye,Linze,,
China,Sichuan,Guang'an,Guang'an,,
China,Gansu,Zhangye,Minle,,
China,Gansu,Zhangye,Shandan,,
China,Gansu,Zhangye,Sunan Yugur,,
China,Gansu,Zhangye,Zhangye,,
China,Sichuan,Guangyuan,Qingchuan,,
China,Sichuan,Guangyuan,Jiange,,
China,Sichuan,Guangyuan,Chaotian,,
China,Sichuan,Guangyuan,Cangxi,,
China,Sichuan,Guang'an,Yuechi,,
China,Sichuan,Guang'an,Wusheng,,
China,Sichuan,Guang'an,Linshui,,
China,Guangdong,Chaozhou,Chaonan,,
China,Guangdong,Chaozhou,Chaozhou,,
China,Guangdong,Chaozhou,Raoping,,
China,Guangdong,Foshan,Futian,,
China,Guangdong,Foshan,Gaoming,,
China,Sichuan,Leshan,Ebian Yi,,
China,Guangdong,Foshan,Nanhai,,
China,Sichuan,Guangyuan,Yuanba,,
China,Guangdong,Foshan,Sanshui,,
China,Sichuan,Guangyuan,Wangcang,,
China,Guangdong,Foshan,Shunde,,
China,Guangdong,Guangzhou,Conghua,,
China,Sichuan,Leshan,Qianwei,,
China,Sichuan,Leshan,Muchuan,,
China,Sichuan,Leshan,Mabian Yi,,
China,Sichuan,Leshan,Jinkouhe,,
China,Sichuan,Leshan,Jiajiang,,
China,Sichuan,Leshan,Emeishan,,
China,Guangdong,Guangzhou,Guangzhou,,
China,Guangdong,Guangzhou,Huaxian,,
China,Guangdong,Guangzhou,Nansha,,
China,Guangdong,Guangzhou,Panyu,,
China,Guangdong,Guangzhou,Zengcheng,,
China,Guangdong,Heyuan,Heping,,
China,Sichuan,Liangshan Yi,Dechang,,
China,Guangdong,Heyuan,Lianping,,
China,Sichuan,Liangshan Yi,Butuo,,
China,Guangdong,Heyuan,Lungchuan,,
China,Sichuan,Leshan,Wutongqiao,,
China,Guangdong,Heyuan,Yuancheng,,
China,Sichuan,Liangshan Yi,Meigu,,
China,Sichuan,Liangshan Yi,Leibo,,
China,Sichuan,Liangshan Yi,Huili,,
China,Sichuan,Liangshan Yi,Ganluo,,
China,Guangdong,Heyuan,Zijin,,
China,Guangdong,Huizhou,Boluo,,
China,Guangdong,Huizhou,Huiyang,,
China,Guangdong,Huizhou,Huizhou,,
China,Guangdong,Huizhou,Longmen,,
China,Guangdong,Jiangmen,Enping,,
China,Sichuan,Liangshan Yi,Xichang,,
China,Guangdong,Jiangmen,Jiangmen,,
China,Sichuan,Liangshan Yi,Puge,,
China,Guangdong,Jiangmen,Kaiping,,
China,Sichuan,Liangshan Yi,Ningnan,,
China,Sichuan,Liangshan Yi,Muli Tibetan,,
China,Sichuan,Liangshan Yi,Mianning,,
China,Sichuan,Luzhou,Gulin,,
China,Sichuan,Liangshan Yi,Zhaojue,,
China,Sichuan,Liangshan Yi,Yanyuan,,
China,Sichuan,Liangshan Yi,Xide,,
China,Sichuan,Meishan,Danleng,,
China,Sichuan,Luzhou,Xuyong,,
China,Sichuan,Luzhou,Nàxī,,
China,Sichuan,Luzhou,Luzhou,,
China,Sichuan,Luzhou,Lu,,
China,Sichuan,Luzhou,Hejiang,,
China,Sichuan,Meishan,Pengshan,,
China,Sichuan,Meishan,Meishan,,
China,Sichuan,Meishan,Jingyan,,
China,Sichuan,Meishan,Hongya,,
China,Sichuan,Mianyang,Pingwu,,
China,Sichuan,Mianyang,Jiangyou,,
China,Sichuan,Mianyang,Beichuan Qiang,,
China,Sichuan,Mianyang,An,,
China,Sichuan,Meishan,Renshou,,
China,Sichuan,Meishan,Qingshen,,
China,Sichuan,Mianyang,Zitong,,
China,Sichuan,Mianyang,Yanting,,
China,Sichuan,Mianyang,Santai,,
China,Qinghai,Golog Tibetan,Jigzhi,,
China,Qinghai,Golog Tibetan,Gadê,,
China,Sichuan,Nanchong,Yilong,,
China,Qinghai,Golog Tibetan,Darlag,,
China,Sichuan,Nanchong,Xichong,,
China,Qinghai,Golog Tibetan,Baima,,
China,Sichuan,Nanchong,Peng'an,,
China,Sichuan,Nanchong,Nanchong Xiàn,,
China,Sichuan,Nanchong,Nanchong Shì,,
China,Sichuan,Nanchong,Nanbu,,
China,Sichuan,Nanchong,Langzhong,,
China,Qinghai,Gyêgu Tibetan,Qumarleb,,
China,Qinghai,Gyêgu Tibetan,Nangqên,,
China,Qinghai,Gyêgu Tibetan,Chindu,,
China,Qinghai,Golog Tibetan,Maqên,,
China,Qinghai,Golog Tibetan,Madoi,,
China,Sichuan,Neijiang,Dongxing,,
China,Qinghai,Haibei Tibetan,Gangca,,
China,Sichuan,Ngawa Tibetan and Qiang,Hongyuan,,
China,Qinghai,Gyêgu Tibetan,Zhidoi,,
China,Sichuan,Ngawa Tibetan and Qiang,Heishui,,
China,Qinghai,Gyêgu Tibetan,Zadoi,,
China,Sichuan,Ngawa Tibetan and Qiang,Barkam,,
China,Sichuan,Ngawa Tibetan and Qiang,Aba,,
China,Sichuan,Neijiang]],Zizhong,,
China,Sichuan,Neijiang]],Longchang,,
China,Qinghai,Haidong,Ledu,,
China,Qinghai,Haidong,Huzhu Tu,,
China,Qinghai,Haidong,Hualong Hui,,
China,Qinghai,Haibei Tibetan,Qilian,,
China,Qinghai,Haibei Tibetan,Menyuan Hui,,
China,Qinghai,Hainan Tibetan,Guinan,,
China,Qinghai,Hainan Tibetan,Guide,,
China,Qinghai,Hainan Tibetan,Gonghe,,
China,Qinghai,Haidong,Xunhua Salar,,
China,Qinghai,Haidong,Ping'an,,
China,Qinghai,Haidong,Minhe Hui and Tu,,
China,Qinghai,Haixi Mongol and Tibetan,Dulan,,
China,Qinghai,Haixi Mongol and Tibetan,Delingha,,
China,Qinghai,Hainan Tibetan,Xinghai,,
China,Qinghai,Hainan Tibetan,Tongde,,
China,Qinghai,Huangnan Tibetan,Jainca,,
China,Qinghai,Huangnan Tibetan,Henan Mongol,,
China,Qinghai,Haixi Mongol and Tibetan,Wulan,,
China,Qinghai,Haixi Mongol and Tibetan,Tianjun,,
China,Qinghai,Haixi Mongol and Tibetan,Lenghu,,
China,Qinghai,Xining,Huangyuan,,
China,Qinghai,Xining,Datong Hui and Tu,,
China,Qinghai,Huangnan Tibetan,Zêkog,,
China,Shaanxi,Ankang,Pingli,,
China,Shaanxi,Ankang,Ningshan,,
China,Shaanxi,Ankang,Langao,,
China,Shaanxi,Ankang,Hanyin,,
China,Shaanxi,Ankang,Baihe,,
China,Shaanxi,Ankang,Ankang,,
China,Qinghai,Xining,Xining,,
China,Qinghai,Xining,Huangzhong,,
China,Shaanxi,Ankang,Xunyang,,
China,Shaanxi,Ankang,Shiquan,,
China,Shaanxi,Baoji,Qishan,,
China,Shaanxi,Baoji,Qianyang,,
China,Shaanxi,Baoji,Long,,
China,Zhejiang,Wenzhou,Yongjia,,
China,Shaanxi,Baoji,Linyou,,
China,Zhejiang,Wenzhou,Wenzhou,,
China,Shaanxi,Baoji,Fufeng,,
China,Zhejiang,Wenzhou,Wencheng,,
China,Shaanxi,Baoji,Fengxiang,,
China,Zhejiang,Wenzhou,Taishun,,
China,Zhejiang,Wenzhou,Ruian,,
China,Shaanxi,Baoji,Baoji Xiàn,,
China,Zhejiang,Wenzhou,Pingyang,,
China,Shaanxi,Baoji,Baoji Qū,,
China,Zhejiang,Zhoushan,Putuo,,
China,Zhejiang,Zhoushan,Dinghai,,
China,Zhejiang,Zhoushan,Daishan,,
China,Zhejiang,Wenzhou,Yueqing,,
China,Shaanxi,Hanzhong,Yang,,
China,Shaanxi,Hanzhong,Xixiang,,
China,Shaanxi,Hanzhong,Ningqiang,,
China,Shaanxi,Hanzhong,Nanzheng,,
China,Shaanxi,Hanzhong,Mian,,
China,Shaanxi,Hanzhong,Lueyang,,
China,Shaanxi,Hanzhong,Liuba,,
China,Shaanxi,Hanzhong,Hanzhong,,
China,Shaanxi,Hanzhong,Foping,,
China,Shaanxi,Hanzhong,Chenggu,,
China,Shaanxi,Baoji,Taibai,,
China,Shaanxi,Weinan,Baishui,,
China,Shaanxi,Tongchuan,Yijun,,
China,Shaanxi,Tongchuan,Tongchuan,,
China,Shaanxi,Shangluo,Zhen'an,,
China,Shaanxi,Shangluo,Zhashui,,
China,Shaanxi,Shangluo,Shanyang,,
China,Shaanxi,Shangluo,Shangnan,,
China,Shaanxi,Shangluo,Shang,,
China,Shaanxi,Shangluo,Luonan,,
China,Shaanxi,Shangluo,Danfeng,,
China,Shaanxi,Hanzhong,Zhenba,,
China,Hunan,Zhuzhou,Youxian,,
China,Shaanxi,Xi'an,Chang'an,,
China,Shaanxi,Weinan,Weinan,,
China,Shaanxi,Weinan,Tongguan,,
China,Shaanxi,Weinan,Huayin,,
China,Hunan,Zhuzhou,Chaling,,
China,Hunan,Zhangjiajie,Sangzhi,,
China,Hunan,Zhangjiajie,Dayong,,
China,Hunan,Zhangjiajie,Cili,,
China,Shaanxi,Weinan,Heyang,,
China,Hunan,Yueyang,Yueyang Xiàn,,
China,Shaanxi,Weinan,Hancheng,,
China,Hunan,Yueyang,Yueyang Qū,,
China,Hunan,Yueyang,Xiangyin,,
China,Hunan,Yueyang,Pingjiang,,
China,Shaanxi,Weinan,Chencang,,
China,Hunan,Zhuzhou,Liling,,
China,Jiangsu,Huai'an,Lianshui,,
China,Jiangsu,Huai'an,Jinhu,,
China,Jiangsu,Huai'an,Huaian,,
China,Jiangsu,Huai'an,Hongze,,
China,Jiangsu,Changzhou,Wujin,,
China,Jiangsu,Changzhou,Liyang,,
China,Jiangsu,Changzhou,Jintan,,
China,Shaanxi,Xi'an,Lintong,,
China,Shaanxi,Xi'an,Lantian,,
China,Hunan,Zhuzhou,Zhuzhou Xiàn,,
China,Shaanxi,Xi'an,Hu,,
China,Hunan,Zhuzhou,Zhuzhou Qū,,
China,Shaanxi,Xi'an,Gaoling,,
China,Jiangsu,Huai'an,Huaiyin,,
China,Jiangsu,Nanjing,Jiangpu,,
China,Jiangsu,Nanjing,Jiangning,,
China,Jiangsu,Nanjing,Gaochun,,
China,Jiangsu,Lianyungang,Lianyungang,,
China,Jiangsu,Lianyungang,Guanyun,,
China,Jiangsu,Lianyungang,Guannan,,
China,Jiangsu,Lianyungang,Ganyu,,
China,Jiangsu,Lianyungang,Donghai,,
China,Jiangsu,Huai'an,Xuyi,,
China,Hebei,Zhangjiakou,Huailai,,
China,Jiangsu,Huai'an,Qingjiang,,
China,Hebei,Zhangjiakou,Kangbao,,
China,Hebei,Zhangjiakou,Shangyi,,
China,Hebei,Zhangjiakou,Wanquan,,
China,Hebei,Zhangjiakou,Xuanhua,,
China,Hebei,Zhangjiakou,Yangyuan,,
China,Hebei,Zhangjiakou,Zhangbei,,
China,Hebei,Zhangjiakou,Zhangjiakou,,
China,Hebei,Zhangjiakou,Zhuolu,,
China,Jiangsu,Suqian,Sihong,,
China,Jiangsu,Suqian,Shuyang,,
China,Jiangsu,Nantong,Rugao,,
China,Jiangsu,Nantong,Rudong,,
China,Jiangsu,Nantong,Nantong,,
China,Jiangsu,Nantong,Haimen,,
China,Jiangsu,Nantong,Hai'an,,
China,Heilongjiang,Daqing,Daqina,,
China,Heilongjiang,Daqing,Dorbod Mongol,,
China,Heilongjiang,Daqing,Lindian,,
China,Heilongjiang,Daqing,Zhaozhou,,
China,Heilongjiang,Daxing'anling,Huma,,
China,Heilongjiang,Daxing'anling,Huzhong,,
China,Heilongjiang,Daxing'anling,Mohe,,
China,Heilongjiang,Daxing'anling,Tahe,,
China,Heilongjiang,Daxing'anling,Xinlin,,
China,Jiangsu,Taizhou,Jiangyan,,
China,Jiangsu,Suzhou,Wuxian,,
China,Sichuan,Ngawa Tibetan and Qiang,Mao,,
China,Jiangsu,Suzhou,Wujiang,,
China,Jiangsu,Suzhou,Taicang,,
China,Jiangsu,Suzhou,Shazhou,,
China,Jiangsu,Suzhou,Kunshan,,
China,Jiangsu,Suzhou,Changshu,,
China,Heilongjiang,Harbin,Acheng,,
China,Jiangsu,Suqian,Suyu,,
China,Heilongjiang,Harbin,Bayan,,
China,Jiangsu,Suqian,Suqian,,
China,Jiangsu,Suqian,Siyang,,
China,Heilongjiang,Harbin,Fangzheng,,
China,Heilongjiang,Harbin,Harbin,,
China,Heilongjiang,Harbin,Hulan,,
China,Heilongjiang,Harbin,Mulan,,
China,Heilongjiang,Harbin,Shangzhi,,
China,Heilongjiang,Harbin,Shuangcheng,,
China,Heilongjiang,Harbin,Tonghe,,
China,Jiangsu,Xuzhou,Pei,,
China,Sichuan,Suining,Shehong,,
China,Jiangsu,Wuxi,Yixing,,
China,Sichuan,Suining,Pengxi,,
China,Jiangsu,Wuxi,Wuxi New District,,
China,Sichuan,Panzhihua,Yanbian,,
China,Sichuan,Panzhihua,Miyi,,
China,Sichuan,Panzhihua,East,,
China,Jiangsu,Wuxi,Jiangyin,,
China,Sichuan,Ngawa Tibetan and Qiang,Zoigê,,
China,Jiangsu,Taizhou,Xinghua,,
China,Sichuan,Ngawa Tibetan and Qiang,Zamtang,,
China,Heilongjiang,Harbin,Yanshou,,
China,Jiangsu,Taizhou,Taizhou,,
China,Sichuan,Ngawa Tibetan and Qiang,Xiaojin,,
China,Heilongjiang,Harbin,Yilan,,
China,Jiangsu,Taizhou,Taixing,,
China,Sichuan,Ngawa Tibetan and Qiang,Wenchuan,,
China,Heilongjiang,Hegang,Hegang,,
China,Jiangsu,Taizhou,Jingjiang,,
China,Sichuan,Ngawa Tibetan and Qiang,Songpan,,
China,Heilongjiang,Hegang,Hegang shì,,
China,Heilongjiang,Hegang,Luobei,,
China,Heilongjiang,Hegang,Suibin,,
China,Heilongjiang,Heihe,Bei'an,,
China,Heilongjiang,Heihe,Dedu,,
China,Heilongjiang,Heihe,Heihe,,
China,Jiangsu,Yancheng,Sheyang,,
China,Jiangsu,Yancheng,Jianhu,,
China,Sichuan,Yibin,Gao,,
China,Jiangsu,Yancheng,Dongtai,,
China,Sichuan,Ya'an,Yingjing,,
China,Jiangsu,Yancheng,Dafeng,,
China,Jiangsu,Yancheng,Binhai,,
China,Jiangsu,Xuzhou,Xuzhou,,
China,Sichuan,Ya'an,Ya An,,
China,Sichuan,Ya'an,Tianquan,,
China,Heilongjiang,Heihe,Nenjiang,,
China,Sichuan,Ya'an,Shimian,,
China,Heilongjiang,Heihe,Sunwu,,
China,Sichuan,Ya'an,Mingshan,,
China,Heilongjiang,Heihe,Wudalianchi,,
China,Heilongjiang,Heihe,Xunke,,
China,Sichuan,Ya'an,Hanyuan,,
China,Heilongjiang,Jiamusi,Fujin,,
China,Jiangsu,Xuzhou,Pizhou,,
China,Sichuan,Ya'an,Baoxing,,
China,Heilongjiang,Jiamusi,Huachuan,,
China,Heilongjiang,Jiamusi,Huanan,,
China,Heilongjiang,Jiamusi,Jiamusi,,
China,Heilongjiang,Jiamusi,Tangyuan,,
China,Jiangsu,Zhenjiang,Danyang,,
China,Sichuan,Ziyang,Anju,,
China,Jiangsu,Zhenjiang,Dantu,,
China,Sichuan,Zigong,Zigong,,
China,Jiangsu,Yangzhou,Yizheng,,
China,Jiangsu,Yangzhou,Yangzhou,,
China,Jiangsu,Yangzhou,Jiangdu,,
China,Sichuan,Yibin,Yibin Xiàn,,
China,Jiangsu,Yangzhou,Hanjiang,,
China,Jiangsu,Yangzhou,Gaoyou,,
China,Jiangsu,Yangzhou,Baoying,,
China,Sichuan,Yibin,Yibin Shì,,
China,Heilongjiang,Jixi,Hulin,,
China,Sichuan,Yibin,Xingwen,,
China,Heilongjiang,Jixi,Jidong,,
China,Jiangsu,Yancheng,Yiancheng,,
China,Sichuan,Yibin,Nanxi,,
China,Heilongjiang,Jixi,Mishan,,
China,Jiangsu,Yancheng,Yandu,,
China,Sichuan,Yibin,Junlian,,
China,Heilongjiang,Mudanjiang,Dongning,,
China,Jiangsu,Yancheng,Xiangshui,,
China,Sichuan,Yibin,Jiang'an,,
China,Heilongjiang,Mudanjiang,Hailin,,
China,Heilongjiang,Mudanjiang,Linkou,,
China,Heilongjiang,Mudanjiang,Mudanjiang,,
China,Heilongjiang,Mudanjiang,Muling,,
China,Jiangxi,Fuzhou,Nancheng,,
China,Tianjin,Tianjin,Ninghe,,
China,Jiangxi,Fuzhou,Linchuan,,
China,Tianjin,Tianjin,Jinghai,,
China,Jiangxi,Fuzhou,Le'an,,
China,Tianjin,Tianjin,Hangu,,
China,Tianjin,Tianjin,Dongli,,
China,Jiangxi,Fuzhou,Guangchang,,
China,Tianjin,Tianjin,Dagang,,
China,Jiangxi,Fuzhou,Chongren,,
China,Heilongjiang,Mudanjiang,Ning'an,,
China,Heilongjiang,Mudanjiang,Suifenhe,,
China,Heilongjiang,Qiqihar,Baiquan,,
China,Tianjin,Tianjin,Beichen,,
China,Tianjin,Tianjin,Baodi,,
China,Heilongjiang,Qiqihar,Gannan,,
China,Heilongjiang,Qiqihar,Kedong,,
China,Jiangsu,Zhenjiang,Yangzhong,,
China,Sichuan,Ziyang,Lezhi,,
China,Heilongjiang,Qiqihar,Keshan,,
China,Jiangsu,Zhenjiang,Jurong,,
China,Sichuan,Ziyang,Jiangyang,,
China,Heilongjiang,Qiqihar,Longjiang,,
China,Heilongjiang,Qiqihar,Nehe,,
China,Heilongjiang,Qiqihar,Nianzishan,,
China,Xinjiang Uygur,Aksu,Toksu,,
China,Xinjiang Uygur,Aksu,Shayar,,
China,Xinjiang Uygur,Aksu,Kuqa,,
China,Xinjiang Uygur,Aksu,Kalpin,,
China,Xinjiang Uygur,Aksu,Awat,,
China,Xinjiang Uygur,Aksu,Aksu,,
China,Heilongjiang,Qiqihar,Qiqihar,,
China,Heilongjiang,Qiqihar,Tailai,,
China,Heilongjiang,Qiqihar,Yi'an,,
China,Heilongjiang,Qitaihe,Boli,,
China,Heilongjiang,Qitaihe,Qitaihe,,
China,Tianjin,Tianjin,Xiqing,,
China,Heilongjiang,Shuangyashan,Baoqing,,
China,Tianjin,Tianjin,Wuqing,,
China,Heilongjiang,Shuangyashan,Jixian,,
China,Tianjin,Tianjin,Tianjin,,
China,Heilongjiang,Shuangyashan,Raohe,,
China,Jiangxi,Fuzhou,Nanfeng,,
China,Tianjin,Tianjin,Tanggu,,
China,Heilongjiang,Shuangyashan,Shuangyashan,,
China,Heilongjiang,Shuangyashan,Youyi,,
China,Xinjiang Uygur,Bayin'gholin Mongol,Hejing,,
China,Xinjiang Uygur,Bayin'gholin Mongol,Bohu,,
China,Xinjiang Uygur,Altay,Qinggil,,
China,Xinjiang Uygur,Altay,Jeminay,,
China,Xinjiang Uygur,Altay,Habahe,,
China,Xinjiang Uygur,Altay,Fuyun,,
China,Xinjiang Uygur,Altay,Fuhai,,
China,Heilongjiang,Suihua,Anda,,
China,Xinjiang Uygur,Altay,Burqin,,
China,Heilongjiang,Suihua,Hailun,,
China,Heilongjiang,Suihua,Mingshui,,
China,Guangdong,Jiangmen,Taishan,,
China,Heilongjiang,Suihua,Qing'an,,
China,Guangdong,Jiangmen,Xinhui,,
China,Heilongjiang,Suihua,Qinggang,,
China,Guangdong,Jieyang,Huilai,,
China,Heilongjiang,Suihua,Suihua,,
China,Xinjiang Uygur,Altay,Altay,,
China,Guangdong,Jieyang,Jiedong,,
China,Heilongjiang,Suihua,Suileng,,
China,Xinjiang Uygur,Aksu,Wushi,,
China,Guangdong,Jieyang,Jiexi,,
China,Heilongjiang,Suihua,Wangkui,,
China,Xinjiang Uygur,Aksu,Wensu,,
China,Guangdong,Jieyang,Puning,,
China,Heilongjiang,Suihua,Zhaodong,,
China,Guangdong,Maoming,Dianbai,,
China,Guangdong,Maoming,Gaozhou,,
China,Guangdong,Maoming,Huazhou,,
China,Xinjiang Uygur,Bayin'gholin Mongol,Luntai,,
China,Xinjiang Uygur,Changji Hui,Changji,,
China,Xinjiang Uygur,Börtala Mongol,Wenquan,,
China,Xinjiang Uygur,Börtala Mongol,Jinghe,,
China,Xinjiang Uygur,Börtala Mongol,Bole,,
China,Xinjiang Uygur,Bayin'gholin Mongol,Yuli,,
China,Xinjiang Uygur,Bayin'gholin Mongol,Yanqi Hui,,
China,Heilongjiang,Yichun,Cuiluan,,
China,Xinjiang Uygur,Bayin'gholin Mongol,Ruoqiang,,
China,Heilongjiang,Yichun,Jiayin,,
China,Xinjiang Uygur,Bayin'gholin Mongol,Qiemo,,
China,Heilongjiang,Yichun,Tieli,,
China,Heilongjiang,Yichun,Wuyiling,,
China,Guangdong,Maoming,Maoming,,
China,Henan,Anyang,Anyang Shì,,
China,Guangdong,Meizhou,Dapu,,
China,Henan,Anyang,Anyang Xiàn,,
China,Guangdong,Meizhou,Fengshun,,
China,Guangdong,Meizhou,Jiaoling,,
China,Xinjiang Uygur,Bayin'gholin Mongol,Korla,,
China,Henan,Anyang,Neihuang,,
China,Xinjiang Uygur,Bayin'gholin Mongol,Hoxud,,
China,Guangdong,Meizhou,Meizhou,,
China,Guangdong,Meizhou,Wuhua,,
China,Guangdong,Meizhou,Xingning,,
China,Xinjiang Uygur,Changji Hui,Jimsar,,
China,Xinjiang Uygur,Changji Hui,Hutubi,,
China,Xinjiang Uygur,Ili Kazakh,Gongliu,,
China,Xinjiang Uygur,Hami,Hami,,
China,Xinjiang Uygur,Hami,Barkol Kazakh,,
China,Xinjiang Uygur,Changji Hui,Qitai,,
China,Xinjiang Uygur,Changji Hui,Mori,,
China,Xinjiang Uygur,Changji Hui,Miquan,,
China,Xinjiang Uygur,Changji Hui,Manas,,
China,Guangdong,Qingyuan,Fogang,,
China,Guangdong,Qingyuan,Liannan Yao,,
China,Guangdong,Qingyuan,Lianshan Zhuang and Yao,,
China,Guangdong,Qingyuan,Lianzhou,,
China,Guangdong,Qingyuan,Qingxin,,
China,Guangdong,Qingyuan,Yangshan,,
China,Xinjiang Uygur,Changji Hui,Fukang,,
China,Guangdong,Qingyuan,Yingde,,
China,Guangdong,Shantou,Chaoyang,,
China,Guangdong,Shantou,Chenghai,,
China,Xinjiang Uygur,Ili Kazakh,Nilka,,
China,Xinjiang Uygur,Ili Kazakh,Kuitun,,
China,Xinjiang Uygur,Ili Kazakh,Huocheng,,
China,Xinjiang Uygur,Karamay,Dushanzi,,
China,Xinjiang Uygur,Ili Kazakh,Zhaosu,,
China,Xinjiang Uygur,Ili Kazakh,Yining Shì,,
China,Xinjiang Uygur,Ili Kazakh,Yining,,
China,Xinjiang Uygur,Ili Kazakh,Xinyuan,,
China,Xinjiang Uygur,Ili Kazakh,Tekes,,
China,Xinjiang Uygur,Ili Kazakh,Qapqal Xibe,,
China,Guangdong,Shantou,Shantou,,
China,Guangdong,Shanwei,Haifeng,,
China,Guangdong,Shanwei,Shanwei,,
China,Guangdong,Shaoguan,Lechang,,
China,Guangdong,Shaoguan,Nanxiong,,
China,Guangdong,Shaoguan,Qujiang,,
China,Guangdong,Shaoguan,Renhua,,
China,Guangdong,Shaoguan,Ruyuan Yao,,
China,Guangdong,Shaoguan,Shaoguan,,
China,Guangdong,Shaoguan,Shixing,,
China,Guangdong,Shaoguan,Wengyuan,,
China,Guangdong,Shenzhen,Bao'an,,
China,Guangdong,Shenzhen,Shenzhen,,
China,Guangdong,Yangjiang,Yangchun,,
China,Guangdong,Yangjiang,Yangdong,,
China,Guangdong,Yangjiang,Yangjiang,,
China,Guangdong,Yangjiang,Yangxi,,
China,Guangdong,Yunfu,Luoding,,
China,Guangdong,Yunfu,Xinxing,,
China,Guangdong,Yunfu,Yun'an,,
China,Guangdong,Yunfu,Yunan,,
China,Guangdong,Zhanjiang,Leizhou,,
China,Guangdong,Zhanjiang,Xuwen,,
China,Anhui,Anqing,Zongyang,,
China,Anhui,Bengbu,Bengbu,,
China,Anhui,Bengbu,Guzhen,,
China,Anhui,Bengbu,Huaiyuan,,
China,Anhui,Bengbu,Wuhe,,
China,Anhui,Bozhou,Boxian,,
China,Anhui,Bozhou,Guoyang,,
China,Anhui,Bozhou,Lixin,,
China,Anhui,Bozhou,Mengcheng,,
China,Anhui,Chaohu,Chao,,
China,Guangdong,Zhaoqing,Fengkai,,
China,Guangdong,Zhaoqing,Gaoyao,,
China,Guangdong,Zhaoqing,Guangning,,
China,Guangdong,Zhaoqing,Huaiji,,
China,Guangdong,Zhaoqing,Sihui,,
China,Guangdong,Zhaoqing,Zhaoqing,,
China,Guangdong,Zhuhai,Doumen,,
China,Anhui,Chaohu,Hanshan,,
China,Anhui,Chaohu,Lujiang,,
China,Anhui,Chizhou,Dongzhi,,
China,Anhui,Chizhou,Guichi,,
China,Anhui,Chizhou,Shitai,,
China,Anhui,Chuzhou,Chuxian,,
China,Anhui,Chuzhou,Dingyuan,,
China,Guangdong,Zhuhai,Zhuhai,,
China,Guangxi,Baise,Baise,,
China,Guangxi,Baise,Debao,,
China,Guangxi,Baise,Jingxi,,
China,Guangxi,Baise,Leye,,
China,Guangxi,Baise,Lingyun,,
China,Guangxi,Baise,Longlin Various Nationalities,,
China,Guangxi,Baise,Napo,,
China,Guangxi,Baise,Pingguo,,
China,Guangxi,Baise,Tiandong,,
China,Anhui,Chuzhou,Fengyang,,
China,Anhui,Chuzhou,Lai'an,,
China,Anhui,Chuzhou,Quanjiao,,
China,Anhui,Chuzhou,Tianchang,,
China,Anhui,Fuyang,Funan,,
China,Anhui,Fuyang,Jieshou,,
China,Anhui,Fuyang,Linquan,,
China,Guangxi,Baise,Tianlin,,
China,Guangxi,Baise,Tianyang,,
China,Guangxi,Baise,Xilin,,
China,Guangxi,Beihai,Beihai,,
China,Guangxi,Beihai,Hepu,,
China,Guangxi,Chongzuo,Daxin,,
China,Guangxi,Chongzuo,Fusui,,
China,Guangxi,Chongzuo,Longzhou,,
China,Guangxi,Chongzuo,Ningming,,
China,Anhui,Fuyang,Yaohai,,
China,Anhui,Hefei,Changfeng,,
China,Anhui,Hefei,Feidong,,
China,Anhui,Hefei,Feixi,,
China,Anhui,Hefei,Hefei,,
China,Anhui,Huaibei,Huaibei,,
China,Anhui,Huainan,Fengtai,,
China,Anhui,Huainan,Huainan,,
China,Anhui,Huangshan,Qimen,,
China,Guangxi,Chongzuo,Tiandeng,,
China,Guangxi,Fangchenggang,Shangsi,,
China,Guangxi,Guigang,Gui,,
China,Guangxi,Guigang,Guiping,,
China,Guangxi,Guilin,Gongcheng Yao,,
China,Guangxi,Guilin,Guanyang,,
China,Guangxi,Guilin,Guilin,,
China,Anhui,Huangshan,Taiping,,
China,Anhui,Huangshan,Tunxi,,
China,Anhui,Huangshan,Xiuning,,
China,Anhui,Lu'an,Huoqiu,,
China,Anhui,Lu'an,Huoshan,,
China,Anhui,Lu'an,Jinzhai,,
China,Anhui,Lu'an,Lu An,,
China,Anhui,Lu'an,Shou,,
China,Anhui,Lu'an,Shucheng,,
China,Anhui,Ma'anshan,Dangtu,,
China,Anhui,Ma'anshan,Maanshan,,
China,Anhui,Suzhou,Dangshan,,
China,Anhui,Suzhou,Lingbi,,
China,Anhui,Suzhou,Si,,
China,Anhui,Suzhou,Xiao,,
China,Anhui,Suzhou,Yongqiao,,
China,Anhui,Tongling,Tongling,,
China,Anhui,Wuhu,Fanchang,,
China,Anhui,Wuhu,Nanling,,
China,Anhui,Wuhu,Wuhu,,
China,Anhui,Xuancheng,Guangde,,
China,Anhui,Xuancheng,Jingde,,
China,Anhui,Xuancheng,Langxi,,
China,Anhui,Xuancheng,Ningguo,,
China,Anhui,Xuancheng,Xuanzhou,,
China,Beijing,Beijing,Beijing,,
China,Shaanxi,Xianyang,Changwu,,
China,Shaanxi,Xi'an,Zhouzhi,,
China,Beijing,Beijing,Changping,,
China,Beijing,Beijing,Daxing,,
China,Shaanxi,Xianyang,Xianyang,,
China,Shaanxi,Xianyang,Wugong,,
China,Beijing,Beijing,Huairou,,
China,Beijing,Beijing,Mentougou,,
China,Shaanxi,Xianyang,Qian,,
China,Beijing,Beijing,Miyun,,
China,Shaanxi,Xianyang,Liquan,,
China,Beijing,Beijing,Pinggu,,
China,Beijing,Beijing,Shunyi,,
China,Shaanxi,Xianyang,Chunhua,,
China,Beijing,Beijing,Yanqing,,
China,Shaanxi,Xianyang,Yongshou,,
China,Shaanxi,Xianyang,Yangling,,
China,Shaanxi,Xianyang,Xunyi,,
China,Shaanxi,Xianyang,Xingping,,
China,Chongqing,Chongqing,Bishan,,
China,Chongqing,Chongqing,Changshou,,
China,Chongqing,Chongqing,Chengkou,,
China,Shaanxi,Yan'an,Luochuan,,
China,Shaanxi,Yan'an,Huanglong,,
China,Chongqing,Chongqing,Dazu,,
China,Shaanxi,Yan'an,Huangling,,
China,Chongqing,Chongqing,Dianjiang,,
China,Shaanxi,Yan'an,Ganquan,,
China,Chongqing,Chongqing,Fengdu,,
China,Shaanxi,Yan'an,Fu,,
China,Chongqing,Chongqing,Fengjie,,
China,Shaanxi,Yan'an,Ansai,,
China,Chongqing,Chongqing,Fuling,,
China,Shaanxi,Yan'an,Yanchuan,,
China,Shaanxi,Yan'an,Yanchang,,
China,Shaanxi,Yan'an,Yan An,,
China,Shaanxi,Yan'an,Wuqi,,
China,Shaanxi,Yulin,Fugu,,
China,Shaanxi,Yulin,Dingbian,,
China,Shaanxi,Yan'an,Zichang,,
China,Shaanxi,Yan'an,Zhidan,,
China,Shaanxi,Yulin,Suide,,
China,Shaanxi,Yulin,Shenmu,,
China,Shaanxi,Yulin,Qingjian,,
China,Shaanxi,Yulin,Mizhi,,
China,Shaanxi,Yulin,Jingbian,,
China,Shandong,Binzhou,Binxian,,
China,Shaanxi,Yulin,Zizhou,,
China,Shaanxi,Yulin,Yulin,,
China,Shaanxi,Yulin,Wubu,,
China,Shandong,Dezhou,Dezhou,,
China,Shandong,Binzhou,Zouping,,
China,Shandong,Binzhou,Zhanhua,,
China,Shandong,Binzhou,Wudi,,
China,Shandong,Binzhou,Huimin,,
China,Shandong,Binzhou,Boxing,,
China,Shandong,Dezhou,Leling,,
China,Shandong,Dongying,Kenli,,
China,Shandong,Dongying,Dongying,,
China,Shandong,Dezhou,Xiajin,,
China,Shandong,Dezhou,Wucheng,,
China,Shandong,Dezhou,Qingyun,,
China,Shandong,Dezhou,Qihe,,
China,Shandong,Dongying,Hekou,,
China,Shandong,Dongying,Guangrao,,
China,Shandong,Jinan,Changqing,,
China,Shandong,Heze,Juye,,
China,Shandong,Heze,Juancheng,,
China,Shandong,Heze,Heze,,
China,Shandong,Heze,Dongming,,
China,Shandong,Heze,Dingtao,,
China,Shandong,Heze,Chengwu,,
China,Shandong,Heze,Cao,,
China,Shandong,Dongying,Lijin,,
China,Shandong,Jining,Sishui,,
China,Shandong,Jining,Qufu,,
China,Shandong,Jining,Liangshan,,
China,Shandong,Jining,Jinxiang,,
China,Shandong,Jining,Jiaxiang,,
China,Shandong,Jinan,Zhangqiu,,
China,Shandong,Jinan,Shanghe,,
China,Shandong,Jinan,Pingyin,,
China,Shandong,Jinan,Jiyang,,
China,Shandong,Jinan,Jinan,,
China,Shandong,Liaocheng,Linqing,,
China,Shandong,Liaocheng,Liaocheng,,
China,Shandong,Liaocheng,Gaotang,,
China,Jiangxi,Ganzhou,Gan,,
China,Jiangxi,Ganzhou,Dingnan,,
China,Shandong,Liaocheng,Dong'e,,
China,Jiangxi,Ganzhou,Dayu,,
China,Shandong,Liaocheng,Chiping,,
China,Jiangxi,Ganzhou,Chongyi,,
China,Shandong,Laiwu,Laiwu,,
China,Jiangxi,Ganzhou,Anyuan,,
China,Shandong,Jining,Yutai,,
China,Jiangxi,Fuzhou,Zixi,,
China,Shandong,Jining,Yanzhou,,
China,Jiangxi,Fuzhou,Yihuang,,
China,Shandong,Jining,Wenshang,,
China,Shandong,Jining,Weishan,,
China,Jiangxi,Ganzhou,Longnan,,
China,Jiangxi,Ganzhou,Huichang,,
China,Jiangxi,Ganzhou,Ganzhou,,
China,Jiangxi,Ji'an,Anfu,,
China,Jiangxi,Ganzhou,Xingguo,,
China,Jiangxi,Ganzhou,Shicheng,,
China,Shandong,Linyi,Linshu,,
China,Jiangxi,Ganzhou,Shangyou,,
China,Shandong,Linyi,Junan,,
China,Jiangxi,Ganzhou,Ruijin,,
China,Shandong,Linyi,Feixian,,
China,Jiangxi,Ganzhou,Quannan,,
China,Shandong,Linyi,Cangshan,,
China,Jiangxi,Ganzhou,Ningdu,,
China,Shandong,Liaocheng,Yanggu,,
China,Jiangxi,Ganzhou,Nankang,,
China,Shandong,Liaocheng,Shenxian,,
China,Jiangxi,Ganzhou,Yudu,,
China,Jiangxi,Ganzhou,Xunwu,,
China,Jiangxi,Ji'an,Yongfeng,,
China,Jiangxi,Ji'an,Wan’an,,
China,Jiangxi,Ji'an,Suichuan,,
China,Jiangxi,Ji'an,Ninggang,,
China,Jiangxi,Ji'an,Jishui,,
China,Jiangxi,Ji'an,Jinggangshan,,
China,Jiangxi,Ji'an,Ji An,,
China,Henan,Anyang,Tangyin,,
China,Henan,Hebi,Hebi,,
China,Henan,Hebi,Xun,,
China,Henan,Jiaozuo,Bo'ai,,
China,Henan,Jiaozuo,Jiaozuo,,
China,Henan,Jiaozuo,Meng,,
China,Henan,Jiaozuo,Qinyang,,
China,Jiangxi,Ji'an,Xiajiang,,
China,Henan,Jiaozuo,Wuzhi,,
China,Jiangxi,Jiujiang,Wuning,,
China,Jiangxi,Jiujiang,Ruichang,,
China,Jiangxi,Jiujiang,Pengze,,
China,Jiangxi,Jiujiang,Jiujiang Xiàn,,
China,Jiangxi,Jiujiang,Jiujiang Qū,,
China,Jiangxi,Jiujiang,Hukou,,
China,Jiangxi,Jiujiang,Duchang,,
China,Jiangxi,Jiujiang,De'an,,
China,Jiangxi,Jingdezhen,Leping,,
China,Jiangxi,Jingdezhen,Jingdezhen,,
China,Henan,Jiaozuo,Xiuwu,,
China,Jiangxi,Ji'an,Yongxin,,
China,Henan,Jiyuan shi,Jiyuan,,
China,Henan,Kaifeng,Kaifeng,,
China,Henan,Kaifeng,Kaifeng Xiàn,,
China,Henan,Kaifeng,Lankao,,
China,Henan,Kaifeng,Tongxu,,
China,Henan,Kaifeng,Weishi,,
China,Henan,Luohe,Linying,,
China,Henan,Luohe,Luohe,,
China,Xinjiang Uygur,Karamay,Karamay,,
China,Jiangxi,Pingxiang,Lianhua,,
China,Jiangxi,Nanchang,Xinjian,,
China,Jiangxi,Nanchang,Nanchang Xiàn,,
China,Jiangxi,Nanchang,Nanchang Qū,,
China,Jiangxi,Nanchang,Jinxian,,
China,Jiangxi,Nanchang,Anyi,,
China,Jiangxi,Jiujiang,Yongxiu,,
China,Henan,Luohe,Wuyang,,
China,Jiangxi,Jiujiang,Xiushui,,
China,Henan,Luohe,Yancheng,,
China,Jiangxi,Jiujiang,Xingzi,,
China,Henan,Luoyang,Luanchuan,,
China,Henan,Luoyang,Luoning,,
China,Henan,Luoyang,Luoyang,,
China,Henan,Luoyang,Mengjin,,
China,Henan,Luoyang,Ruyang,,
China,Henan,Luoyang,Song,,
China,Henan,Luoyang,Xin'an,,
China,Henan,Luoyang,Yanshi,,
China,Jiangxi,Shangrao,Yugan,,
China,Xinjiang Uygur,Kashgar,Yopurga,,
China,Xinjiang Uygur,Kashgar,Yengisar,,
China,Jiangxi,Shangrao,Wannian,,
China,Jiangxi,Shangrao,Shangrao Xiàn,,
China,Xinjiang Uygur,Kashgar,Taxkorgan Tajik,,
China,Xinjiang Uygur,Kashgar,Shule,,
China,Jiangxi,Shangrao,Shangrao Shì,,
China,Xinjiang Uygur,Kashgar,Shufu,,
China,Xinjiang Uygur,Kashgar,Poskam,,
China,Jiangxi,Shangrao,Hengfeng,,
China,Xinjiang Uygur,Kashgar,Makit,,
China,Jiangxi,Shangrao,Guangfeng,,
China,Xinjiang Uygur,Kashgar,Kashgar,,
China,Jiangxi,Shangrao,Dexing,,
China,Xinjiang Uygur,Kashgar,Jiashi,,
China,Henan,Nanyang,Deng,,
China,Jiangxi,Shangrao,Boyang,,
China,Xinjiang Uygur,Kashgar,Bachu,,
China,Henan,Nanyang,Nanyang Shì,,
China,Henan,Nanyang,Nanyang Xiàn,,
China,Henan,Nanyang,Nanzhao,,
China,Henan,Nanyang,Neixiang,,
China,Henan,Nanyang,Sheqi,,
China,Henan,Nanyang,Tanghe,,
China,Xinjiang Uygur,Kashgar,Yecheng,,
China,Xinjiang Uygur,Kizilsu Kirghiz,Artux,,
China,Jiangxi,Yichun,Wanzai,,
China,Xinjiang Uygur,Kizilsu Kirghiz,Akto,,
China,Jiangxi,Yichun,Tonggu,,
China,Xinjiang Uygur,Kizilsu Kirghiz,Akqi,,
China,Jiangxi,Yichun,Shanggao,,
China,Jiangxi,Yichun,Jing'an,,
China,Jiangxi,Yichun,Gao'an,,
China,Xinjiang Uygur,Khotan,Qira,,
China,Xinjiang Uygur,Khotan,Pishan,,
China,Jiangxi,Yichun,Fengxin,,
China,Xinjiang Uygur,Khotan,Moyu,,
China,Henan,Nanyang,Tongbai,,
China,Xinjiang Uygur,Khotan,Minfeng,,
China,Henan,Nanyang,Xichuan,,
China,Jiangxi,Xinyu,Xinyu,,
China,Xinjiang Uygur,Khotan,Lop,,
China,Henan,Nanyang,Xinye,,
China,Jiangxi,Xinyu,Fenyi,,
China,Xinjiang Uygur,Khotan,Khotan,,
China,Henan,Nanyang,Xixia,,
China,Jiangxi,Shangrao,Yushan,,
China,Xinjiang Uygur,Kashgar,Zepu,,
China,Henan,Pingdingshan,Baofeng,,
China,Henan,Pingdingshan,Linru,,
China,Henan,Pingdingshan,Pingdingshan,,
China,Jilin,Baishan,Badaojiang,,
China,Xinjiang Uygur,Turfan,Toksun,,
China,Jilin,Baicheng,Zhenlai,,
China,Xinjiang Uygur,Turfan,Shanshan,,
China,Jilin,Baicheng,Tongyu,,
China,Xinjiang Uygur,Tacheng,Yumin,,
China,Jilin,Baicheng,Taonan,,
China,Xinjiang Uygur,Tacheng,Usu,,
China,Jilin,Baicheng,Da'an,,
China,Jiangxi,Yingtan,Yujiang,,
China,Xinjiang Uygur,Tacheng,Toli,,
China,Xinjiang Uygur,Tacheng,Tacheng,,
China,Henan,Pingdingshan,Ye,,
China,Jiangxi,Yingtan,Yingtan,,
China,Xinjiang Uygur,Tacheng,Hoboksar Mongol,,
China,Henan,Puyang,Fanxian,,
China,Jiangxi,Yingtan,Guixi,,
China,Xinjiang Uygur,Tacheng,Emin,,
China,Henan,Puyang,Nanle,,
China,Jiangxi,Yichun,Zhangshu,,
China,Xinjiang Uygur,Shihezi,Shihezi,,
China,Henan,Puyang,Puyang Shì,,
China,Jiangxi,Yichun,Yifeng,,
China,Xinjiang Uygur,Kizilsu Kirghiz,Wuqia,,
China,Henan,Puyang,Puyang Xiàn,,
China,Henan,Puyang,Qingfeng,,
China,Henan,Puyang,Taiqian,,
China,Henan,Sanmenxia,Lingbao,,
China,Henan,Sanmenxia,Lushi,,
China,Xizang,Chamdo,Qamdo,,
China,Jilin,Changchun,Shuangyang,,
China,Xizang,Chamdo,Markam,,
China,Jilin,Changchun,Nong'an,,
China,Xizang,Chamdo,Lhorong,,
China,Jilin,Changchun,Jiutai,,
China,Xizang,Chamdo,Jomdo,,
China,Jilin,Changchun,Dehui,,
China,Xizang,Chamdo,Gonjo,,
China,Jilin,Changchun,Changchun,,
China,Jilin,Baishan,Linjiang,,
China,Jilin,Baishan,Jingyu,,
China,Henan,Sanmenxia,Mianchi,,
China,Xizang,Chamdo,Dêngqên,,
China,Henan,Sanmenxia,Sanmenxia,,
China,Xizang,Chamdo,Baxoi,,
China,Xizang,Chamdo,Banbar,,
China,Henan,Sanmenxia,Yima,,
China,Jilin,Baishan,Jiangyuan,,
China,Xinjiang Uygur,Ürümqi,Ürümqi Xiàn,,
China,Henan,Shangqiu,Minquan,,
China,Jilin,Baishan,Fusong,,
China,Xinjiang Uygur,Ürümqi,Ürümqi Shì,,
China,Henan,Shangqiu,Ningling,,
China,Jilin,Baishan,Changbai Korean,,
China,Xinjiang Uygur,Turfan,Turfan,,
China,Henan,Shangqiu,Shangqiu Shì,,
China,Henan,Shangqiu,Sui,,
China,Henan,Shangqiu,Xiayi,,
China,Xizang,Lhasa,Qüxü,,
China,Xizang,Lhasa,Nyêmo,,
China,Xizang,Lhasa,Maizhokunggar,,
China,Xizang,Lhasa,Lhünzhub,,
China,Xizang,Lhasa,Lhasa,,
China,Xizang,Lhasa,Doilungdêqên,,
China,Henan,Shangqiu,Yongcheng,,
China,Henan,Shangqiu,Zhecheng,,
China,Xizang,Lhasa,Damxung,,
China,Henan,Xinxiang,Changyuan,,
China,Xizang,Lhasa,Dagzê,,
China,Henan,Xinxiang,Fengqiu,,
China,Xizang,Chamdo,Zogang,,
China,Henan,Xinxiang,Houjia,,
China,Xizang,Chamdo,Zhag'yab,,
China,Henan,Xinxiang,Huixian,,
China,Jilin,Jilin,Huadian,,
China,Xizang,Chamdo,Riwoqê,,
China,Henan,Xinxiang,Xinxiang Shì,,
China,Henan,Xinxiang,Xinxiang Xiàn,,
China,Xizang,Ngari,Burang,,
China,Xizang,Nagchu,Xainza,,
China,Xizang,Nagchu,Sog,,
China,Xizang,Nagchu,Raingoin,,
China,Xizang,Nagchu,Nyima,,
China,Xizang,Nagchu,Nyainrong,,
China,Xizang,Nagchu,Nagchu,,
China,Henan,Xinyang,Guangshan,,
China,Henan,Xinyang,Gushi,,
China,Henan,Xinyang,Huaibin,,
China,Xizang,Nagchu,Lhari,,
China,Guangxi,Guilin,Lingui,,
China,Henan,Xinyang,Huangchuan,,
China,Xizang,Nagchu,Biru,,
China,Guangxi,Guilin,Lipu,,
China,Henan,Xinyang,Luoshan,,
China,Xizang,Nagchu,Baqên,,
China,Guangxi,Guilin,Longsheng Various Nationalities,,
China,Henan,Xinyang,Shancheng,,
China,Xizang,Nagchu,Amdo,,
China,Guangxi,Guilin,Pingle,,
China,Guangxi,Guilin,Quanzhou,,
China,Henan,Xinyang,Xinxian,,
China,Guangxi,Guilin,Xing’an,,
China,Guangxi,Guilin,Yangshuo,,
China,Guangxi,Guilin,Yongfu,,
China,Guangxi,Guilin,Ziyuan,,
China,Xizang,Nyingtri,Nyingchi,,
China,Xizang,Nyingtri,Nang,,
China,Xizang,Nyingtri,Mainling,,
China,Xizang,Nyingtri,Gongbo'gyamda,,
China,Xizang,Nyingtri,Bomi,,
China,Xizang,Ngari,Zanda,,
China,Xizang,Ngari,Rutog,,
China,Henan,Xinyang,Xinyang Shì,,
China,Xizang,Ngari,Gêrzê,,
China,Henan,Xinyang,Xinyang Xiàn,,
China,Henan,Xuchang,Changge,,
China,Guangxi,Hechi,Bama Yao,,
China,Henan,Xuchang,Xuchang Shì,,
China,Guangxi,Hechi,Dahua Yao,,
China,Henan,Xuchang,Xuchang Xiàn,,
China,Guangxi,Hechi,Donglan,,
China,Henan,Xuchang,Yanling,,
China,Xizang,Ngari,Gê'gyai,,
China,Guangxi,Hechi,Du’an Yao,,
China,Xizang,Ngari,Gar,,
China,Guangxi,Hechi,Fengshan,,
China,Henan,Zhengzhou,Dengfeng,,
China,Xizang,Ngari,Coqên,,
China,Guangxi,Hechi,Hechi,,
China,Guangxi,Hechi,Huanjiang Maonan,,
China,Guangxi,Hechi,Luocheng Mulao,,
China,Guangxi,Hechi,Nandan,,
China,Guangxi,Hechi,Tian'e,,
China,Xizang,Shannan,Cona,,
China,Xizang,Shannan,Qusum,,
China,Xizang,Shannan,Qonggyai,,
China,Xizang,Shannan,Nêdong,,
China,Xizang,Shannan,Nagarzê,,
China,Xizang,Shannan,Lhünzê,,
China,Xizang,Shannan,Lhozhag,,
China,Xizang,Shannan,Gyaca,,
China,Xizang,Shannan,Gonggar,,
China,Guangxi,Hezhou,Fuchuan Yao,,
China,Guangxi,Hezhou,Zhaoping,,
China,Xizang,Shannan,Comai,,
China,Xizang,Nyingtri,Zayü,,
China,Guangxi,Laibin,Jinxiu Yao,,
China,Guangxi,Laibin,Laibin,,
China,Guangxi,Laibin,Wuxuan,,
China,Guangxi,Laibin,Xiangzhou,,
China,Xizang,Shigatse,Bainang,,
China,Xizang,Shannan,Zhanang,,
China,Xizang,Shigatse,Ngamring,,
China,Xizang,Shigatse,Namling,,
China,Xizang,Shigatse,Lhazê,,
China,Xizang,Shigatse,Kangmar,,
China,Xizang,Shigatse,Gyirong,,
China,Xizang,Shigatse,Gyangzê,,
China,Xizang,Shigatse,Gamba,,
China,Xizang,Shigatse,Dinggyê,,
China,Guangxi,Liuzhou,Liucheng,,
China,Guangxi,Liuzhou,Liujiang,,
China,Guangxi,Liuzhou,Liuzhou,,
China,Guangxi,Liuzhou,Luzhai,,
China,Guangxi,Liuzhou,Rong'an,,
China,Guangxi,Liuzhou,Rongshui Miao,,
China,Xizang,Shannan,Sangri,,
China,Guangxi,Liuzhou,Sanjiang Dong,,
China,Guangxi,Nanning,Binyang,,
China,Guangxi,Nanning,Heng,,
China,Guangxi,Nanning,Long'an,,
China,Guangxi,Nanning,Mashan,,
China,Guangxi,Nanning,Nanning,,
China,Guangxi,Nanning,Shanglin,,
China,Guangxi,Nanning,Wuming,,
China,Guangxi,Qinzhou,Lingshan,,
China,Guangxi,Qinzhou,Pubei,,
China,Guangxi,Qinzhou,Qinzhou,,
China,Guangxi,Wuzhou,Cangwu,,
China,Guangxi,Wuzhou,Cenxi,,
China,Guangxi,Wuzhou,Mengshan,,
China,Guangxi,Wuzhou,Wuzhou,,
China,Guangxi,Yulin,Beiliu,,
China,Guangxi,Yulin,Bobai,,
China,Guangxi,Yulin,Luchuan,,
China,Guangxi,Yulin,Yufeng,,
China,Guizhou,Anshun,Anshun,,
China,Guizhou,Anshun,Guanling Buyei and Miao,,
China,Guizhou,Anshun,Pingba,,
China,Guizhou,Anshun,Puding,,
China,Guizhou,Anshun,Zhenning Buyei and Miao,,
China,Guizhou,Anshun,Ziyun Miao and Buyei,,
China,Guizhou,Bijie,Bijie,,
China,Guizhou,Bijie,Dafang,,
China,Guizhou,Bijie,Hezhang,,
China,Guizhou,Bijie,Jinsha,,
China,Guizhou,Bijie,Nayong,,
China,Guizhou,Bijie,"Weining Yi, Hui and Miao",,
China,Guizhou,Bijie,Zhijin,,
China,Guizhou,Guiyang,Kaiyang,,
China,Guizhou,Guiyang,Qingzhen,,
China,Guizhou,Guiyang,Xiuwen,,
China,Guizhou,Liupanshui,Liuzhi,,
China,Guizhou,Liupanshui,Pan,,
China,Guizhou,Liupanshui,Shuicheng,,
China,Guizhou,Qiandongnan Miao and Dong,Cengong,,
China,Guizhou,Qiandongnan Miao and Dong,Congjiang,,
China,Guizhou,Qiandongnan Miao and Dong,Danzhai,,
China,Guizhou,Qiandongnan Miao and Dong,Huangping,,
China,Guizhou,Qiandongnan Miao and Dong,Jianhe,,
China,Guizhou,Qiandongnan Miao and Dong,Jinping,,
China,Guizhou,Qiandongnan Miao and Dong,Kaili,,
China,Guizhou,Qiandongnan Miao and Dong,Leishan,,
China,Guizhou,Qiandongnan Miao and Dong,Liping,,
China,Guizhou,Qiandongnan Miao and Dong,Majiang,,
China,Guizhou,Qiandongnan Miao and Dong,Rongjiang,,
China,Guizhou,Qiandongnan Miao and Dong,Sansui,,
China,Guizhou,Qiandongnan Miao and Dong,Shibing,,
China,Guizhou,Qiandongnan Miao and Dong,Taijiang,,
China,Guizhou,Qiandongnan Miao and Dong,Tianzhu,,
China,Guizhou,Qiannan Buyei and Miao,Changshun,,
China,Guizhou,Qiannan Buyei and Miao,Dushan,,
China,Shandong,Linyi,Mengyin,,
China,Shandong,Qingdao,Jimo,,
China,Shandong,Qingdao,Jiaoxian,,
China,Shandong,Qingdao,Jiaonan,,
China,Shandong,Qingdao,Huangdao,,
China,Shandong,Linyi,Yishui,,
China,Shandong,Linyi,Yinan,,
China,Shandong,Linyi,Tancheng,,
China,Shandong,Linyi,Pingyi,,
China,Shandong,Qingdao,Pingdu,,
China,Shandong,Qingdao,Laoshan,,
China,Shandong,Qingdao,Laixi,,
China,Shandong,Tai'an,Tai An,,
China,Shandong,Tai'an,Ningyang,,
China,Shandong,Tai'an,Feicheng,,
China,Shandong,Tai'an,Dongping,,
China,Shandong,Rizhao,Wulian,,
China,Shandong,Rizhao,Rizhao,,
China,Shandong,Rizhao,Juxian,,
China,Shandong,Weifang,Changyi,,
China,Shandong,Weifang,Anqiu,,
China,Shandong,Tai'an,Xinwen,,
China,Shandong,Weifang,Weifang Xiàn,,
China,Shandong,Weifang,Weifang Shì,,
China,Shandong,Weifang,Shouguang,,
China,Shandong,Weifang,Qingzhou,,
China,Shandong,Weifang,Linqu,,
China,Shandong,Weifang,Gaomi,,
China,Shandong,Weihai,Wendeng,,
China,Shandong,Weihai,Weihai,,
China,Shandong,Weihai,Rushan,,
China,Shandong,Weihai,Rencheng,,
China,Shandong,Weifang,Zhucheng,,
China,Shandong,Yantai,Laizhou,,
China,Shandong,Yantai,Haiyang,,
China,Shandong,Yantai,Changdao,,
China,Shandong,Yantai,Yantai,,
China,Shandong,Yantai,Qixia,,
China,Shandong,Yantai,Penglai,,
China,Shandong,Yantai,Muping,,
China,Shandong,Yantai,Longkou,,
China,Shandong,Zibo,Gaoqing,,
China,Shandong,Zaozhuang,Zouxian,,
China,Shandong,Zaozhuang,Zhaozhuang,,
China,Shanghai,Shanghai,Fengxian,,
China,Shanghai,Shanghai,Chongming,,
China,Shandong,Zibo,Zichuan,,
China,Shandong,Zibo,Zibo,,
China,Shandong,Zibo,Yiyuan,,
China,Shandong,Zibo,Huantai,,
China,Shanghai,Shanghai,Minhang,,
China,Shanghai,Shanghai,Jinshan,,
China,Shanghai,Shanghai,Jiading,,
China,Shanxi,Changzhi,Lucheng,,
China,Shanxi,Changzhi,Changzhi Xiàn,,
China,Shanxi,Changzhi,Changzhi Shì,,
China,Shanghai,Shanghai,Songjiang,,
China,Shanghai,Shanghai,Shanghai,,
China,Shanghai,Shanghai,Qingpu,,
China,Shanghai,Shanghai,Pudong,,
China,Shanghai,Shanghai,Nanhui,,
China,Shanxi,Changzhi,Licheng,,
China,Shanxi,Changzhi,Huguan,,
China,Shanxi,Datong,Hunyuan,,
China,Shanxi,Datong,Guangling,,
China,Shanxi,Datong,Datong Shì,,
China,Shanxi,Changzhi,Zhangzi,,
China,Shanxi,Changzhi,Xiangyuan,,
China,Shanxi,Changzhi,Wuxiang,,
China,Shanxi,Changzhi,Tunliu,,
China,Shanxi,Changzhi,Qinyuan,,
China,Shanxi,Changzhi,Qin,,
China,Shanxi,Changzhi,Pingshun,,
China,Shanxi,Datong,Datong Xiàn,,
China,Shanxi,Jinzhong,Jiexiu,,
China,Shanxi,Jinzhong,Heshun,,
China,Shanxi,Jincheng,Yangcheng,,
China,Jilin,Liaoyuan,Dongliao,,
China,Shanxi,Jincheng,Qinshui,,
China,Jilin,Liaoyuan,Dongfeng,,
China,Shanxi,Jincheng,Jingcheng,,
China,Jilin,Jilin,Shulan,,
China,Shanxi,Jincheng,Gaoping,,
China,Jilin,Jilin,Panshi,,
China,Shanxi,Datong,Zuoyun,,
China,Jilin,Jilin,Jilin,,
China,Shanxi,Datong,Yanggao,,
China,Shanxi,Datong,Tianzhen,,
China,Shanxi,Datong,Lingqiu,,
China,Jilin,Siping,Shuangliao,,
China,Jilin,Siping,Lishu,,
China,Jilin,Siping,Huaide,,
China,Jilin,Liaoyuan,Liaoyuan,,
China,Jilin,Tonghua,Dongchang,,
China,Jilin,Songyuan,Qian Gorlos Mongol,,
China,Shanxi,Jinzhong,Yuci,,
China,Shanxi,Jinzhong,Xiyang,,
China,Shanxi,Jinzhong,Taigu,,
China,Jilin,Songyuan,Changling,,
China,Shanxi,Jinzhong,Shouyang,,
China,Jilin,Siping,Yitong Manchu,,
China,Jilin,Siping,Siping,,
China,Shanxi,Jinzhong,Pingyao,,
China,Shanxi,Jinzhong,Lingshi,,
China,Jilin,Tonghua,Huinan,,
China,Jilin,Tonghua,Erdaojiang,,
China,Jilin,Yanbian Korean,Yanji,,
China,Jilin,Yanbian Korean,Longjing,,
China,Jilin,Yanbian Korean,Hunchun,,
China,Jilin,Yanbian Korean,Helong,,
China,Jilin,Yanbian Korean,Dunhua,,
China,Jilin,Yanbian Korean,Antu,,
China,Jilin,Tonghua,Tonghua,,
China,Jilin,Tonghua,Meihekou,,
China,Jilin,Tonghua,Liuhe,,
China,Henan,Zhengzhou,Mi,,
China,Henan,Zhengzhou,Xingyang,,
China,Henan,Zhengzhou,Xinzheng,,
China,Henan,Zhengzhou,Zhengzhou,,
China,Henan,Zhengzhou,Zhongmou,,
China,Henan,Zhoukou,Dancheng,,
China,Jilin,Yanbian Korean,Wangqing,,
China,Henan,Zhoukou,Fugou,,
China,Jilin,Yanbian Korean,Tumen,,
China,Henan,Zhoukou,Huaiyang,,
China,Henan,Zhoukou,Luyi,,
China,Henan,Zhoukou,Shangshui,,
China,Liaoning,Chaoyang,Harqin Left Mongol,,
China,Liaoning,Chaoyang,Chaoyang Xiàn,,
China,Liaoning,Chaoyang,Beipiao,,
China,Liaoning,Benxi,Huanren Manchu,,
China,Liaoning,Benxi,Benxi Manchu,,
China,Liaoning,Benxi,Benxi,,
China,Liaoning,Anshan,Xiuyan Manchu,,
China,Liaoning,Anshan,Tai'an,,
China,Liaoning,Anshan,Haicheng,,
China,Liaoning,Anshan,Anshan,,
China,Henan,Zhoukou,Shenqiu,,
China,Henan,Zhoukou,Taikang,,
China,Henan,Zhoukou,Xihua,,
China,Henan,Zhoukou,Zhoukou,,
China,Henan,Zhumadian,Biyang,,
China,Henan,Zhumadian,Pingyu,,
China,Henan,Zhumadian,Queshan,,
China,Liaoning,Chaoyang,Chaoyang Shì,,
China,Henan,Zhumadian,Runan,,
China,Henan,Zhumadian,Shangcai,,
China,Liaoning,Dandong,Donggang,,
China,Liaoning,Dandong,Dadong,,
China,Liaoning,Dalian,Zhuanghe,,
China,Liaoning,Dalian,Wafangdian,,
China,Liaoning,Dalian,Lushunkou,,
China,Liaoning,Dalian,Dalian,,
China,Liaoning,Dalian,Changhai,,
China,Liaoning,Chaoyang,Lingyuan,,
China,Henan,Zhumadian,Suiping,,
China,Liaoning,Chaoyang,Jianping,,
China,Henan,Zhumadian,Xincai,,
China,Henan,Zhumadian,Xiping,,
China,Henan,Zhumadian,Zhengyang,,
China,Henan,Zhumadian,Zhumadian,,
China,Hubei,Enshi Tujia and Miao,Badong,,
China,Hubei,Enshi Tujia and Miao,Enshi Tujia and Miao,,
China,Hubei,Enshi Tujia and Miao,Hefeng,,
China,Hubei,Enshi Tujia and Miao,Jianshi,,
China,Hubei,Enshi Tujia and Miao,Laifeng,,
China,Liaoning,Huludao,Jianchang,,
China,Liaoning,Fuxin,Zhangwu,,
China,Liaoning,Fuxin,Fuxin Mongol,,
China,Xizang,Shigatse,Yadong,,
China,Liaoning,Fuxin,Fuxin,,
China,Xizang,Shigatse,Xaitongmoin,,
China,Liaoning,Fushun,Xinbin Manchu,,
China,Xizang,Shigatse,Tingri,,
China,Liaoning,Fushun,Shuncheng,,
China,Xizang,Shigatse,Shigatse,,
China,Liaoning,Fushun,Qingyuan Manchu,,
China,Xizang,Shigatse,Saga,,
China,Xizang,Shigatse,Sa'gya,,
China,Liaoning,Dandong,Kuandian Manchu,,
China,Xizang,Shigatse,Rinbung,,
China,Hubei,Enshi Tujia and Miao,Xianfeng,,
China,Xizang,Shigatse,Nyalam,,
China,Hubei,Enshi Tujia and Miao,Xuan En,,
China,Hubei,Ezhou,Echeng Qū,,
China,Hubei,Ezhou,Echeng Shì,,
China,Hubei,Huanggang,Guangji,,
China,Hubei,Huanggang,Hong'an,,
China,Hubei,Huanggang,Huanggang,,
China,Hubei,Huanggang,Huangmei,,
China,Hubei,Huanggang,Luotian,,
China,Xizang,Shigatse,Zhongba,,
China,Liaoning,Panjin,Panjin,,
China,Yunnan,Chuxiong Yi,Yao'an,,
China,Liaoning,Panjin,Dawa,,
China,Yunnan,Chuxiong Yi,Wuding,,
China,Liaoning,Liaoyang,Liaoyang,,
China,Liaoning,Liaoyang,Dengta,,
China,Yunnan,Chuxiong Yi,Nanhua,,
China,Yunnan,Chuxiong Yi,Mouding,,
China,Liaoning,Jinzhou,Jin,,
China,Yunnan,Chuxiong Yi,Dayao,,
China,Liaoning,Jinzhou,Heishan,,
China,Yunnan,Chuxiong Yi,Chuxiong,,
China,Hubei,Huanggang,Macheng,,
China,Liaoning,Jinzhou,Beizhen,,
China,Yunnan,Baoshan,Tengchong,,
China,Hubei,Huanggang,Qichun,,
China,Liaoning,Huludao,Xingcheng,,
China,Yunnan,Baoshan,Shidian,,
China,Liaoning,Huludao,Suizhong,,
China,Yunnan,Baoshan,Longling,,
China,Hubei,Huangshi,Daye,,
China,Hubei,Huangshi,Huangshi,,
China,Hubei,Jingmen,Jingmen,,
China,Hubei,Jingmen,Jingshan,,
China,Hubei,Jingmen,Shayang,,
China,Yunnan,Chuxiong Yi,Shuangbai,,
China,Liaoning,Tieling,Tiefa,,
China,Yunnan,Dali Bai,Xiangyun,,
China,Yunnan,Dali Bai,Weishan Yi and Hui,,
China,Liaoning,Tieling,Gai,,
China,Yunnan,Dali Bai,Nanjian Yi,,
China,Liaoning,Tieling,Changtu,,
China,Liaoning,Shenyang,Xinmin,,
China,Liaoning,Shenyang,Shenyang Xiàn,,
China,Yunnan,Dali Bai,Midu,,
China,Yunnan,Dali Bai,Jianchuan,,
China,Yunnan,Dali Bai,Heqing,,
China,Liaoning,Shenyang,Shenyang Shì,,
China,Yunnan,Dali Bai,Eryuan,,
China,Hubei,Jingmen,Zhongxiang,,
China,Liaoning,Shenyang,Liaozhong,,
China,Hubei,Jingzhou,Gong'an,,
China,Liaoning,Shenyang,Kangping,,
China,Yunnan,Dali Bai,Binchuan,,
China,Hubei,Jingzhou,Honghu,,
China,Liaoning,Shenyang,Faku,,
China,Yunnan,Chuxiong Yi,Yuanmou,,
China,Hubei,Jingzhou,Jiangling,,
China,Liaoning,Panjin,Panshan,,
China,Yunnan,Chuxiong Yi,Yongren,,
China,Hubei,Jingzhou,Jianli,,
China,Hubei,Jingzhou,Jingzhou,,
China,Hubei,Jingzhou,Shashi,,
China,Hubei,Jingzhou,Shishou,,
China,Hubei,Jingzhou,Songzi,,
China,Nei Mongol,Baotou,Guyang,,
China,Yunnan,Dêqên Tibetan,Zhongdian,,
China,Nei Mongol,Baotou,Darhan Muminggan Lia,,
China,Yunnan,Dêqên Tibetan,Weixin,,
China,Nei Mongol,Baotou,Baotou,,
China,Yunnan,Dêqên Tibetan,Dêqên,,
China,Nei Mongol,Alxa,Ejin,,
China,Yunnan,Dehong Dai and Jingpo,Yingjiang,,
China,Nei Mongol,Alxa,Alxa Right,,
China,Nei Mongol,Alxa,Alxa Left,,
China,Liaoning,Tieling,Yinzhou,,
China,Yunnan,Dehong Dai and Jingpo,Ruili,,
China,Hubei,Shennongjia,Shennongjia,,
China,Yunnan,Dehong Dai and Jingpo,Longchuan,,
China,Hubei,Shiyan,Fang,,
China,Liaoning,Tieling,Yingkou,,
China,Yunnan,Dehong Dai and Jingpo,Lianghe,,
China,Hubei,Shiyan,Junxian,,
China,Yunnan,Dali Bai,Yulong Naxi,,
China,Hubei,Shiyan,Shiyan,,
China,Liaoning,Tieling,Tieling Xiàn,,
China,Yunnan,Dali Bai,Yongping,,
China,Liaoning,Tieling,Tieling Shì,,
China,Yunnan,Dali Bai,Yangbi Yi,,
China,Hubei,Shiyan,Yunxi,,
China,Hubei,Shiyan,Zhushan,,
China,Hubei,Shiyan,Zhuxi,,
China,Hubei,Suizhou Shi,Suizhou,,
China,Yunnan,Honghe Hani and Yi,Pingbian Miao,,
China,Yunnan,Honghe Hani and Yi,Mile,,
China,Yunnan,Honghe Hani and Yi,Mengzi,,
China,Yunnan,Honghe Hani and Yi,Lüchun,,
China,Hubei,Tianmen,Tianmen,,
China,Hubei,Wuhan,Hanyang,,
China,Yunnan,Honghe Hani and Yi,"Jinping Miao, Yao and Dai",,
China,Hubei,Wuhan,Huangpi,,
China,Yunnan,Honghe Hani and Yi,Jianshui,,
China,Nei Mongol,Baynnur,Linhe,,
China,Yunnan,Honghe Hani and Yi,Honghe,,
China,Hubei,Wuhan,Wuhan,,
China,Nei Mongol,Baynnur,Haibowan,,
China,Yunnan,Honghe Hani and Yi,Hekou Yao,,
China,Hubei,Wuhan,Xinzhou,,
China,Nei Mongol,Baynnur,Dengkou,,
China,Yunnan,Honghe Hani and Yi,Gejiu,,
China,Hubei,Xiangfan,Baokang,,
China,Hubei,Xiangfan,Laohekou,,
China,Hubei,Xiangfan,Nanzhang,,
China,Yunnan,Kunming,Songming,,
China,Yunnan,Kunming,Luquan Yi and Miao,,
China,Yunnan,Kunming,Lunan,,
China,Yunnan,Kunming,Kunming,,
China,Yunnan,Kunming,Jinning,,
China,Yunnan,Kunming,Fumin,,
China,Hubei,Xiangfan,Xiangfan,,
China,Hubei,Xiangfan,Xiangyang,,
China,Yunnan,Kunming,Dongchuan,,
China,Hubei,Xiangfan,Zaoyang,,
China,Yunnan,Kunming,Chenggong,,
China,Guizhou,Qiannan Buyei and Miao,Duyun,,
China,Hubei,Xianning,Chongyang,,
China,Yunnan,Kunming,Anning,,
China,Guizhou,Qiannan Buyei and Miao,Fuquan,,
China,Hubei,Xianning,Jiayu,,
China,Guizhou,Qiannan Buyei and Miao,Guiding,,
China,Hubei,Xianning,Puqi,,
China,Yunnan,Honghe Hani and Yi,Shiping,,
China,Guizhou,Qiannan Buyei and Miao,Huaxi,,
China,Guizhou,Qiannan Buyei and Miao,Libo,,
China,Guizhou,Qiannan Buyei and Miao,Longli,,
China,Hubei,Xianning,Xianning,,
China,Guizhou,Qiannan Buyei and Miao,Luodian,,
China,Guizhou,Qiannan Buyei and Miao,Pingtang,,
China,Guizhou,Qiannan Buyei and Miao,Sandu Shui,,
China,Guizhou,Qiannan Buyei and Miao,Weng'an,,
China,Yunnan,Lincang,Lincang,,
China,Yunnan,Lincang,Gengma Dai and Va,,
China,Yunnan,Lincang,Fengqing,,
China,Yunnan,Lincang,Cangyuan Va,,
China,Yunnan,Lijiang,Yongsheng,,
China,Yunnan,Lijiang,Ninglang Yi,,
China,Yunnan,Lijiang,Lijiang,,
China,Hubei,Xiaogan,Anlu,,
China,Hubei,Xiaogan,Hanchuan,,
China,Guizhou,Qianxinan Buyei and Miao,Anlong,,
China,Hubei,Xiaogan,Xiaochang,,
China,Yunnan,Lijiang,Huaping,,
China,Guizhou,Qianxinan Buyei and Miao,Ceheng,,
China,Hubei,Xiaogan,Xiaogan,,
China,Guizhou,Qianxinan Buyei and Miao,Pu'an,,
China,Hubei,Xiaogan,Yingcheng,,
China,Yunnan,Kunming,Xundian Hui and Yi,,
China,Hubei,Xiaogan,Yunmeng,,
China,Guizhou,Qianxinan Buyei and Miao,Wangmo,,
China,Hubei,Yichang,Changyang Tujia,,
China,Guizhou,Qianxinan Buyei and Miao,Xingren,,
China,Hubei,Yichang,Dangyang,,
China,Guizhou,Qianxinan Buyei and Miao,Xingyi,,
China,Guizhou,Qianxinan Buyei and Miao,Zhenfeng,,
China,Guizhou,Tongren,Dejiang,,
China,Guizhou,Tongren,Jiangkou,,
China,Yunnan,Pu'er,Jinggu Dai and Yi,,
China,Yunnan,Pu'er,Jingdong Yi,,
China,Yunnan,Pu'er,Jiangcheng Hani and Yi,,
China,Yunnan,Nujiang Lisu,Lushui,,
China,Yunnan,Nujiang Lisu,Lanping Bai and Pumi,,
China,Yunnan,Nujiang Lisu,Gongshan Derung and Nu,,
China,Yunnan,Nujiang Lisu,Bijiang,,
China,Yunnan,Lincang,Zhenkang,,
China,Guizhou,Tongren,Shiqian,,
China,Guizhou,Tongren,Sinan,,
China,Guizhou,Tongren,Songtao Miao,,
China,Yunnan,Lincang,Yongde,,
China,Guizhou,Tongren,Wanshan Special,,
China,Yunnan,Lincang,"Shuangjiang Lahu, Va, Blang and Dai",,
China,Guizhou,Tongren,Yanhe Tujia,,
China,Guizhou,Tongren,Yinjiang Tujia and Miao,,
China,Guizhou,Tongren,Yuping Dong,,
China,Guizhou,Zunyi,Chishui,,
China,Guizhou,Zunyi,Daozhen Gelao and Miao,,
China,Yunnan,Pu'er,Mojiang Hani,,
China,Yunnan,Qujing,Luoping,,
China,Yunnan,Qujing,Luliang,,
China,Yunnan,Qujing,Huize,,
China,Yunnan,Pu'er,"Zhenyuan Yi, Hani and Lahu",,
China,Yunnan,Pu'er,Ximeng Va,,
China,Yunnan,Pu'er,Simao,,
China,Yunnan,Pu'er,Puer,,
China,Guizhou,Zunyi,Fenggang,,
China,Guizhou,Zunyi,Meitan,,
China,Guizhou,Zunyi,Renhuai,,
China,Guizhou,Zunyi,Tongzi,,
China,Yunnan,Pu'er,"Menglian Dai, Lahu and Va",,
China,Guizhou,Zunyi,Wuchuan Gelao and Miao,,
China,Yunnan,Pu'er,Lancang Lahu,,
China,Guizhou,Zunyi,Yuqing,,
China,Guizhou,Zunyi,Zheng'an,,
China,Guizhou,Zunyi,Zunyi Shì,,
China,Guizhou,Zunyi,Zunyi Xiàn,,
China,Hainan,Haikou,Haikou,,
China,Hainan,Haikou,Qiongshan,,
China,Hainan,Hainan,Baisha Li,,
China,Hainan,Hainan,Baoting Li,,
China,Hainan,Hainan,Changjiang Li,,
China,Hainan,Hainan,Chengmai,,
China,Yunnan,Qujing,Malong,,
China,Hainan,Hainan,Danzhou,,
China,Hainan,Hainan,Ding An,,
China,Hainan,Hainan,Dongfang,,
China,Hainan,Hainan,Ledong Li,,
China,Hainan,Hainan,Lingao,,
China,Hainan,Hainan,Lingshui Li,,
China,Hainan,Hainan,Qionghai,,
China,Hainan,Hainan,Qiongzhong Li and Miao,,
China,Hainan,Hainan,Tunchang,,
China,Hainan,Hainan,Wanning,,
China,Hainan,Hainan,Wenchang,,
China,Hainan,Sanya,Sanya,,
China,Hebei,Baoding,Anguo,,
China,Hebei,Baoding,Anxin,,
China,Hebei,Baoding,Baoding,,
China,Hebei,Baoding,Boye,,
China,Hebei,Baoding,Ding,,
China,Hebei,Baoding,Dingxing,,
China,Hebei,Baoding,Gaoyang,,
China,Hebei,Baoding,Laishui,,
China,Hebei,Baoding,Laiyuan,,
China,Hebei,Baoding,Mancheng,,
China,Hebei,Baoding,Qing Yuan,,
China,Hebei,Baoding,Quyang,,
China,Hebei,Baoding,Tang,,
China,Hebei,Baoding,Wangdu,,
China,Hebei,Baoding,Xiong,,
China,Hebei,Baoding,Xushui,,
China,Hebei,Baoding,Zhuo,,
China,Hebei,Cangzhou,Cang,,
China,Hebei,Cangzhou,Cangzhou,,
China,Chongqing,Chongqing,Hechuan,,
China,Hebei,Cangzhou,Dongguang,,
China,Chongqing,Chongqing,Jiangbei,,
China,Hebei,Cangzhou,Haixing,,
China,Chongqing,Chongqing,Jiangjin,,
China,Hebei,Cangzhou,Hejian,,
China,Chongqing,Chongqing,Kai,,
China,Hebei,Cangzhou,Huanghua,,
China,Chongqing,Chongqing,Liangping,,
China,Chongqing,Chongqing,Nanchuan,,
China,Hebei,Cangzhou,Mengcun Hui,,
China,Chongqing,Chongqing,Pengshui,,
China,Chongqing,Chongqing,Qijiang,,
China,Chongqing,Chongqing,Rongchang,,
China,Hebei,Cangzhou,Nanpi,,
China,Hebei,Cangzhou,Qing,,
China,Hebei,Cangzhou,Renqiu,,
China,Hebei,Cangzhou,Suning,,
China,Chongqing,Chongqing,Shizhu,,
China,Hebei,Cangzhou,Wuqiao,,
China,Chongqing,Chongqing,Tongliang,,
China,Hebei,Cangzhou,Xian,,
China,Chongqing,Chongqing,Tongnan,,
China,Hebei,Chengde,Chengde Shì,,
China,Chongqing,Chongqing,Wulong,,
China,Hebei,Chengde,Chengde Xiàn,,
China,Hebei,Chengde,Fengning Manchu,,
China,Chongqing,Chongqing,Xiushan,,
China,Chongqing,Chongqing,Yongchuan,,
China,Chongqing,Chongqing,Youyang,,
China,Chongqing,Chongqing,Yunyang,,
China,Chongqing,Chongqing,Zhong,,
China,Fujian,Fuzhou,Fuqing,,
China,Fujian,Fuzhou,Fuzhou,,
China,Fujian,Fuzhou,Luoyuan,,
China,Fujian,Fuzhou,Minhou,,
China,Fujian,Fuzhou,Minqing,,
China,Fujian,Fuzhou,Yongtai,,
China,Fujian,Longyan,Changting,,
China,Fujian,Longyan,Liancheng,,
China,Fujian,Longyan,Luojiang,,
China,Fujian,Longyan,Shanghang,,
China,Fujian,Longyan,Wuping,,
China,Fujian,Longyan,Yongding,,
China,Fujian,Longyan,Zhangping,,
China,Fujian,Nanping,Chongan,,
China,Fujian,Nanping,Guangze,,
China,Fujian,Nanping,Jian'ou,,
China,Shanxi,Linfen,Huo,,
China,Fujian,Nanping,Jianyang,,
China,Fujian,Nanping,Shaowu,,
China,Shanxi,Jinzhong,Yushe,,
China,Fujian,Nanping,Shunchang,,
China,Fujian,Nanping,Songxi,,
China,Fujian,Nanping,Zhenghe,,
China,Fujian,Ningde,Fu'an,,
China,Fujian,Ningde,Fuding,,
China,Fujian,Ningde,Gutian,,
China,Shanxi,Linfen,Houma,,
China,Shanxi,Linfen,Hongtong,,
China,Shanxi,Linfen,Gu,,
China,Shanxi,Linfen,Fenxi,,
China,Shanxi,Linfen,Daning,,
China,Shanxi,Linfen,Anze,,
China,Shanxi,Jinzhong,Zuoquan,,
China,Fujian,Ningde,Shouning,,
China,Fujian,Ningde,Xiapu,,
China,Fujian,Ningde,Zherong,,
China,Shanxi,Linfen,Linfen,,
China,Fujian,Ningde,Zhouning,,
China,Fujian,Putian,Putian,,
China,Fujian,Putian,Putian County,,
China,Fujian,Putian,Xianyou,,
China,Shanxi,Linfen,Yonghe,,
China,Shanxi,Linfen,Xiangning,,
China,Shanxi,Linfen,Xiangfen,,
China,Shanxi,Linfen,Quwo,,
China,Shanxi,Linfen,Pu,,
China,Fujian,Quanzhou,Dehua,,
China,Fujian,Quanzhou,Hui'an,,
China,Fujian,Quanzhou,Jinjiang,,
China,Fujian,Quanzhou,Nan'an,,
China,Fujian,Quanzhou,Shishi,,
China,Shanxi,Luliang,Jiaokou,,
China,Fujian,Quanzhou,Yongchun,,
China,Fujian,Sanming,Datian,,
China,Shanxi,Luliang,Fenyang,,
China,Fujian,Sanming,Jiangle,,
China,Fujian,Sanming,Jianning,,
China,Shanxi,Luliang,Xiaoyi,,
China,Shanxi,Luliang,Wenshui,,
China,Shanxi,Luliang,Shilou,,
China,Shanxi,Luliang,Liulin,,
China,Shanxi,Luliang,Lishi,,
China,Shanxi,Luliang,Lan,,
China,Fujian,Sanming,Mingxi,,
China,Fujian,Sanming,Ninghua,,
China,Fujian,Sanming,Qingliu,,
China,Fujian,Sanming,Sha,,
China,Fujian,Sanming,Shanming,,
China,Fujian,Sanming,Taining,,
China,Fujian,Sanming,Yong'an,,
China,Fujian,Sanming,Youxi,,
China,Shanxi,Shuozhou,Huairen,,
China,Fujian,Xiamen,Tong'an,,
China,Shanxi,Luliang,Zhongyang,,
China,Fujian,Xiamen,Xiamen,,
China,Shanxi,Luliang,Xing,,
China,Shanxi,Taiyuan,Loufan,,
China,Shanxi,Taiyuan,Gujiao,,
China,Shanxi,Shuozhou,Youyu,,
China,Shanxi,Shuozhou,Ying,,
China,Shanxi,Shuozhou,Shuo,,
China,Shanxi,Shuozhou,Shanyin,,
China,Fujian,Zhangzhou,Changtai,,
China,Fujian,Zhangzhou,Dongshan,,
China,Fujian,Zhangzhou,Hua'an,,
China,Fujian,Zhangzhou,Longhai,,
China,Fujian,Zhangzhou,Pinghe,,
China,Fujian,Zhangzhou,Zhangpu,,
China,Fujian,Zhangzhou,Zhangzhou,,
China,Shanxi,Xinzhou,Dai,,
China,Fujian,Zhangzhou,Zhao'an,,
China,Shanxi,Xinzhou,Baode,,
China,Gansu,Baiyin,Baiyin,,
China,Shanxi,Taiyuan,Yangqu,,
China,Shanxi,Taiyuan,Taiyuan,,
China,Shanxi,Taiyuan,Qingxu,,
China,Shanxi,Xinzhou,Kelan,,
China,Shanxi,Xinzhou,Jingle,,
China,Shanxi,Xinzhou,Hequ,,
China,Shanxi,Xinzhou,Fanshi,,
China,Shanxi,Xinzhou,Dingxiang,,
China,Gansu,Baiyin,Huining,,
China,Gansu,Baiyin,Jingtai,,
China,Gansu,Baiyin,Pingchuan,,
China,Gansu,Dingxi,Dingxi,,
China,Gansu,Dingxi,Lintao,,
China,Gansu,Dingxi,Longxi,,
China,Gansu,Dingxi,Min,,
China,Gansu,Dingxi,Tongwei,,
China,Shanxi,Xinzhou,Xinfu,,
China,Shanxi,Xinzhou,Wuzhai,,
China,Shanxi,Xinzhou,Wutai,,
China,Shanxi,Xinzhou,Shenchi,,
China,Shanxi,Xinzhou,Pianguan,,
China,Shanxi,Xinzhou,Ningwu,,
China,Shanxi,Yangquan,Yangquan,,
China,Shanxi,Yangquan,Pingding,,
China,Shanxi,Xinzhou,Yuanping,,
China,Shanxi,Yuncheng,Wanrong,,
China,Shanxi,Yuncheng,Ruicheng,,
China,Shanxi,Yuncheng,Jishan,,
China,Shanxi,Yuncheng,Jiang,,
China,Shanxi,Yuncheng,Hejin,,
China,Shanxi,Yuncheng,Xinjiang,,
China,Shanxi,Yuncheng,Xia,,
China,Shanxi,Yuncheng,Wenxi,,
China,Sichuan,Chengdu,Dayi,,
China,Sichuan,Chengdu,Chengdu Qū,,
China,Sichuan,Bazhong,Pingchang,,
China,Sichuan,Bazhong,Nanjiang,,
China,Sichuan,Bazhong,Bazhong,,
China,Shanxi,Yuncheng,Yuanqu,,
China,Sichuan,Chengdu,Chengdu Shì,,
China,Sichuan,Dazhou,Daxian,,
China,Sichuan,Dazhou,Da,,
China,Nei Mongol,Chifeng,Aohan,,
China,Sichuan,Chengdu,Xindu,,
China,Sichuan,Chengdu,Wenjiang,,
China,Nei Mongol,Baynnur,Urad Middle,,
China,Sichuan,Chengdu,Shuangliu,,
China,Nei Mongol,Baynnur,Urad Front,,
China,Sichuan,Chengdu,Qionglai,,
China,Nei Mongol,Baynnur,Urad Back,,
China,Sichuan,Chengdu,Pi,,
China,Sichuan,Chengdu,Peng,,
China,Sichuan,Chengdu,Jintang,,
China,Nei Mongol,Chifeng,Harqin,,
China,Nei Mongol,Chifeng,Chifeng,,
China,Nei Mongol,Chifeng,Bairin Right,,
China,Nei Mongol,Chifeng,Bairin Left,,
China,Nei Mongol,Chifeng,Ar Horqin,,
China,Nei Mongol,Hohhot,Horinger,,
China,Sichuan,Deyang,Mianzhu,,
China,Nei Mongol,Hohhot,Hohhot,,
China,Sichuan,Deyang,Guanghan,,
China,Nei Mongol,Chifeng,Ongniud,,
China,Sichuan,Deyang,Deyang,,
China,Nei Mongol,Chifeng,Ningcheng,,
China,Sichuan,Dazhou,Xuanhan,,
China,Sichuan,Dazhou,Wanyuan,,
China,Nei Mongol,Chifeng,Hexigten,,
China,Sichuan,Dazhou,Qu,,
China,Sichuan,Dazhou,Kaijiang,,
China,Sichuan,Dazhou,Dazhu,,
China,Nei Mongol,Hohhot,Tumd Right,,
China,Nei Mongol,Hohhot,Tumd Left,,
China,Nei Mongol,Hohhot,Togtoh,,
China,Nei Mongol,Hohhot,Qingshuihe,,
China,Nei Mongol,Hulunbuir,Genhe,,
China,Nei Mongol,Hulunbuir,Evenk,,
China,Nei Mongol,Hulunbuir,Ergun,,
China,Nei Mongol,Hulunbuir,Chenbarag Qi,,
China,Nei Mongol,Hulunbuir,Butha Qi,,
China,Nei Mongol,Hulunbuir,Arun,,
China,Nei Mongol,Hulunbuir,Morin Dawa Daur,,
China,Nei Mongol,Hulunbuir,Manzhouli,,
China,Nei Mongol,Hulunbuir,Hailar,,
China,Nei Mongol,Ordos,Otog Front,,
China,Nei Mongol,Ordos,Hanggin,,
China,Nei Mongol,Ordos,Ejin Horo,,
China,Nei Mongol,Ordos,Dongsheng,,
China,Nei Mongol,Ordos,Dalad,,
China,Nei Mongol,Hulunbuir,Xuguit Qi,,
China,Nei Mongol,Hulunbuir,Xinbarag Right,,
China,Nei Mongol,Hulunbuir,Xinbarag Left,,
China,Nei Mongol,Hulunbuir,Oroqin,,
China,Nei Mongol,Ordos,Otog,,
China,Nei Mongol,Ordos,Jungar,,
China,Nei Mongol,Ulaan Chab,Huade,,
China,Nei Mongol,Ulaan Chab,Fengzhen,,
China,Nei Mongol,Tongliao,Naiman,,
China,Nei Mongol,Tongliao,Kailu,,
China,Nei Mongol,Tongliao,Jarud,,
China,Nei Mongol,Tongliao,Hure,,
China,Nei Mongol,Tongliao,Huolin Gol,,
China,Nei Mongol,Tongliao,Horqin Left Middle,,
China,Nei Mongol,Tongliao,Horqin Left Back,,
China,Nei Mongol,Ordos,Uxin,,
China,Nei Mongol,Tongliao,Tongliao,,